발생년,발생년월일,발생시간,주야,요일,사망자수,부상자수,중상자수,경상자수,부상신고자수,발생지시도,발생지시군구,사고유형_대분류,사고유형_중분류,사고유형,가해자법규위반,도로형태_대분류,도로형태,가해자_당사자종별,피해자_당사자종별,발생위치X_UTMK,발생위치Y_UTMK,경도,위도
2019,2019-01-01,0,야,화,1,0,0,0,0,부산,해운대구,차대사람,기타,기타,중앙선 침범,교차로,교차로내,승용차,보행자,1150507.0,1685987.0,129.1524645,35.15788411
2019,2019-01-01,3,야,화,1,0,0,0,0,경기,안산시,차대차,정면충돌,정면충돌,중앙선 침범,단일로,기타단일로,승용차,승용차,943018.0,1921233.0,126.857149,37.28829231
2019,2019-01-01,16,주,화,1,0,0,0,0,경북,청도군,차대차,측면충돌,측면충돌,안전운전 의무 불이행,교차로,교차로부근,승용차,사륜오토바이(ATV),1100414.0,1739893.0,128.6092297,35.65010817
2019,2019-01-01,19,야,화,1,0,0,0,0,대전,서구,차대사람,횡단중,횡단중,안전운전 의무 불이행,교차로,교차로부근,승용차,보행자,989194.0,1817621.0,127.3795598,36.35594639
2019,2019-01-01,21,야,화,1,0,0,0,0,경북,영천시,차대사람,기타,기타,안전운전 의무 불이행,단일로,기타단일로,승용차,보행자,1127700.0,1767912.0,128.9150412,35.89950573
2019,2019-01-02,3,야,수,1,1,1,0,0,충북,충주시,차대차,추돌,추돌,안전운전 의무 불이행,단일로,기타단일로,특수차,화물차,1029070.0,1892384.0,127.8268431,37.02953764
2019,2019-01-02,6,주,수,1,0,0,0,0,인천,계양구,차대차,기타,기타,안전운전 의무 불이행,단일로,기타단일로,승용차,기타,929876.8,1947636.2,126.7064001,37.52536494
2019,2019-01-02,10,주,수,1,0,0,0,0,서울,중구,차대사람,횡단중,횡단중,안전운전 의무 불이행,단일로,기타단일로,건설기계,보행자,955430.0,1952240.0,126.9952985,37.56844929
2019,2019-01-02,10,주,수,1,0,0,0,0,경기,광주시,차대차,측면충돌,측면충돌,중앙선 침범,교차로,교차로부근,자전거,승용차,978481.0,1935323.0,127.2568148,37.41679362
2019,2019-01-02,15,주,수,1,0,0,0,0,충남,서천군,차량단독,전도,전도,안전운전 의무 불이행,단일로,기타단일로,화물차,없음,921337.0,1795200.0,126.6255482,36.15067652
2019,2019-01-02,16,주,수,1,0,0,0,0,전북,전주시,차대사람,횡단중,횡단중,안전운전 의무 불이행,단일로,기타단일로,승용차,보행자,967706.0,1756943.0,127.1425492,35.80841378
2019,2019-01-02,18,야,수,1,0,0,0,0,전북,정읍시,차대차,추돌,추돌,안전운전 의무 불이행,단일로,기타단일로,승용차,자전거,944254.0,1744685.0,126.8838305,35.69684616
2019,2019-01-02,18,야,수,1,0,0,0,0,경남,김해시,차대차,추돌,추돌,안전운전 의무 불이행,단일로,기타단일로,화물차,자전거,1118877.0,1703127.0,128.8077579,35.31663552
2019,2019-01-02,19,야,수,1,0,0,0,0,경기,평택시,차대사람,기타,기타,안전운전 의무 불이행,단일로,기타단일로,승용차,보행자,961473.0,1888668.0,127.0670214,36.99570056
2019,2019-01-02,23,야,수,1,0,0,0,0,경남,거제시,차대사람,기타,기타,안전운전 의무 불이행,교차로,교차로내,승용차,보행자,1102011.0,1655579.0,128.6163896,34.8898279
2019,2019-01-03,3,야,목,1,0,0,0,0,전남,영암군,차량단독,공작물충돌,공작물충돌,중앙선 침범,단일로,기타단일로,승용차,없음,898187.0,1639048.0,126.3877819,34.74080413
2019,2019-01-03,7,주,목,1,0,0,0,0,울산,울주군,차량단독,도로이탈,도로이탈 기타,안전운전 의무 불이행,단일로,기타단일로,승용차,없음,1155134.0,1740560.0,129.2136267,35.64903729
2019,2019-01-03,12,주,목,1,1,0,1,0,서울,노원구,차대사람,기타,기타,안전운전 의무 불이행,단일로,기타단일로,화물차,보행자,962122.0,1962574.0,127.0705398,37.66189171
2019,2019-01-03,17,주,목,1,0,0,0,0,서울,중구,차대사람,횡단중,횡단중,안전운전 의무 불이행,단일로,기타단일로,승합차,보행자,954851.0,1951572.0,126.9887834,37.56240025
2019,2019-01-03,20,야,목,1,0,0,0,0,충남,공주시,차대차,정면충돌,정면충돌,신호위반,단일로,기타단일로,이륜차,화물차,966471.0,1834506.0,127.1255695,36.50764269
2019,2019-01-04,5,야,금,1,0,0,0,0,경기,안산시,차대차,기타,기타,신호위반,교차로,교차로횡단보도내,자전거,승용차,937483.0,1926422.0,126.7942722,37.33470658
2019,2019-01-04,7,주,금,1,0,0,0,0,대구,달서구,차대사람,횡단중,횡단중,안전운전 의무 불이행,단일로,기타단일로,화물차,보행자,1090596.0,1762173.0,128.5033081,35.85191091
2019,2019-01-04,8,주,금,1,0,0,0,0,경북,칠곡군,차대차,기타,기타,안전운전 의무 불이행,단일로,기타단일로,건설기계,승용차,1088316.0,1781427.0,128.4802025,36.02568842
2019,2019-01-04,10,주,금,1,0,0,0,0,경기,평택시,차대차,정면충돌,정면충돌,신호위반,교차로,교차로내,화물차,승용차,951345.0,1893594.0,126.9528858,37.03963375
2019,2019-01-04,15,주,금,1,0,0,0,0,경기,여주시,차대사람,횡단중,횡단중,안전운전 의무 불이행,교차로,교차로부근,화물차,보행자,1012158.0,1921969.0,127.6371781,37.29659281
2019,2019-01-05,1,야,토,1,0,0,0,0,경기,안성시,차대사람,기타,기타,안전운전 의무 불이행,단일로,기타단일로,승용차,보행자,975158.0,1890274.0,127.2207627,37.0106389
2019,2019-01-05,1,야,토,1,0,0,0,0,전북,전주시,차량단독,공작물충돌,공작물충돌,안전운전 의무 불이행,단일로,지하차도(도로)내,승용차,없음,965734.0,1759766.0,127.1206012,35.83379911
2019,2019-01-05,2,야,토,1,0,0,0,0,강원,평창군,차대사람,차도통행중,차도통행중,안전운전 의무 불이행,단일로,기타단일로,승용차,보행자,1073052.2,1955971.8,128.3275756,37.60026323
2019,2019-01-05,4,야,토,1,0,0,0,0,부산,사하구,차대사람,횡단중,횡단중,안전운전 의무 불이행,단일로,기타단일로,승용차,보행자,1134753.0,1675887.0,128.9779054,35.06907567
2019,2019-01-05,8,주,토,1,1,0,1,0,대구,동구,차대차,측면충돌,측면충돌,안전운전 의무 불이행,기타,기타,화물차,화물차,1103506.0,1772775.0,128.6476351,35.94620162
2019,2019-01-05,17,주,토,1,1,0,1,0,전남,순천시,차대차,추돌,추돌,안전운전 의무 불이행,단일로,기타단일로,화물차,화물차,1004320.0,1657059.0,127.5472889,34.90829133
2019,2019-01-06,4,야,일,1,0,0,0,0,전북,완주군,차량단독,도로이탈,도로이탈 추락,안전운전 의무 불이행,단일로,기타단일로,승용차,없음,960550.0,1755323.0,127.0634238,35.79354629
2019,2019-01-06,5,야,일,1,1,1,0,0,인천,남동구,차대사람,기타,기타,안전운전 의무 불이행,교차로,교차로부근,승용차,보행자,931877.0,1939094.0,126.7298258,37.44852515
2019,2019-01-06,12,주,일,1,0,0,0,0,대구,달성군,차대차,측면충돌,측면충돌,과속,교차로,교차로내,이륜차,특수차,1084705.0,1737537.0,128.4354742,35.63034132
2019,2019-01-06,14,주,일,1,3,2,1,0,강원,횡성군,차대차,정면충돌,정면충돌,중앙선 침범,단일로,기타단일로,승용차,승용차,1066853.0,1953784.0,128.2571537,37.5810167
2019,2019-01-06,15,주,일,1,0,0,0,0,충북,보은군,차량단독,전도,전도,안전운전 의무 불이행,단일로,교량위,원동기장치자전거,없음,1017598.0,1827505.0,127.6963653,36.4449532
2019,2019-01-06,15,주,일,1,2,1,1,0,전남,나주시,차대차,정면충돌,정면충돌,신호위반,교차로,교차로내,화물차,승용차,926228.0,1664316.0,126.6918482,34.97105161
2019,2019-01-06,18,야,일,1,0,0,0,0,전북,김제시,차대사람,기타,기타,안전운전 의무 불이행,단일로,기타단일로,승용차,보행자,945487.0,1756823.0,126.8966329,35.80634913
2019,2019-01-06,20,야,일,1,0,0,0,0,인천,연수구,차대사람,횡단중,횡단중,안전운전 의무 불이행,단일로,기타단일로,승용차,보행자,925018.0,1934089.0,126.6527963,37.40288538
2019,2019-01-06,21,야,일,1,1,0,1,0,강원,원주시,차량단독,공작물충돌,공작물충돌,안전운전 의무 불이행,단일로,기타단일로,승용차,없음,1042457.0,1934873.0,127.9797729,37.41201406
2019,2019-01-07,5,야,월,1,0,0,0,0,경남,거제시,차대차,기타,기타,신호위반,교차로,교차로내,승합차,이륜차,1102904.0,1655374.0,128.6261355,34.88788951
2019,2019-01-07,5,야,월,1,0,0,0,0,대구,수성구,차대사람,횡단중,횡단중,안전운전 의무 불이행,단일로,기타단일로,화물차,보행자,1102978.0,1764773.0,128.6407459,35.87412514
2019,2019-01-07,9,주,월,1,0,0,0,0,충남,홍성군,차대사람,횡단중,횡단중,안전운전 의무 불이행,단일로,기타단일로,승용차,보행자,925174.0,1844871.0,126.6634165,36.59873562
2019,2019-01-07,18,야,월,1,0,0,0,0,대전,중구,차대사람,횡단중,횡단중,안전운전 의무 불이행,교차로,교차로내,승합차,보행자,991972.0,1812502.0,127.4105752,36.3098236
2019,2019-01-07,18,야,월,1,0,0,0,0,경기,고양시,차대차,측면충돌,측면충돌,안전운전 의무 불이행,단일로,기타단일로,승용차,이륜차,943285.0,1960805.0,126.857114,37.64497706
2019,2019-01-07,20,야,월,1,1,0,1,0,경기,이천시,차대차,추돌,추돌,안전운전 의무 불이행,교차로,교차로내,승용차,화물차,994132.0,1914752.0,127.4338485,37.2315996
2019,2019-01-08,2,야,화,1,0,0,0,0,경남,진주시,차량단독,도로이탈,도로이탈 기타,안전운전 의무 불이행,단일로,기타단일로,승용차,없음,1068093.0,1688498.0,128.2479322,35.18948797
2019,2019-01-08,4,야,화,1,0,0,0,0,서울,강서구,차대사람,횡단중,횡단중,안전운전 의무 불이행,교차로,교차로내,승용차,보행자,944117.0,1950716.0,126.867315,37.5540963
2019,2019-01-08,5,야,화,1,0,0,0,0,인천,부평구,차대차,기타,기타,안전운전 의무 불이행,단일로,기타단일로,승합차,이륜차,930598.0,1943828.0,126.714921,37.49109694
2019,2019-01-08,14,주,화,1,0,0,0,0,부산,수영구,차대사람,기타,기타,안전운전 의무 불이행,교차로,교차로내,승용차,보행자,1146737.0,1684266.0,129.1107814,35.14292906
2019,2019-01-08,14,주,화,1,0,0,0,0,충남,당진시,차대차,측면충돌,측면충돌,기타,단일로,기타단일로,자전거,건설기계,936240.0,1883160.0,126.7839265,36.94467969
2019,2019-01-08,16,주,화,1,0,0,0,0,경기,김포시,차대사람,횡단중,횡단중,안전운전 의무 불이행,단일로,기타단일로,화물차,보행자,920942.0,1965678.0,126.6033438,37.68724216
2019,2019-01-08,17,주,화,1,0,0,0,0,울산,울주군,차대사람,횡단중,횡단중,안전운전 의무 불이행,단일로,지하차도(도로)내,승용차,보행자,1166863.0,1716084.0,129.3380881,35.42654748
2019,2019-01-08,18,야,화,1,0,0,0,0,경기,평택시,차대차,정면충돌,정면충돌,안전운전 의무 불이행,교차로,교차로내,승용차,이륜차,966062.0,1888130.0,127.1186172,36.99102781
2019,2019-01-08,18,야,화,1,0,0,0,0,경기,양평군,차대사람,횡단중,횡단중,안전운전 의무 불이행,교차로,교차로내,승용차,보행자,1011257.0,1945204.0,127.6273662,37.50603969
2019,2019-01-08,18,야,화,1,1,0,1,0,경남,양산시,차대사람,기타,기타,안전운전 의무 불이행,교차로,교차로부근,승용차,보행자,1150501.0,1712700.0,129.1572979,35.39865608
2019,2019-01-08,19,야,화,1,0,0,0,0,충남,홍성군,차대사람,차도통행중,차도통행중,과속,단일로,기타단일로,승용차,보행자,923456.9,1844009.9,126.6443063,36.59083734
2019,2019-01-08,21,야,화,1,1,0,0,1,경기,안성시,차대차,기타,기타,안전운전 의무 불이행,교차로,교차로내,화물차,이륜차,977126.0,1890491.0,127.2428773,37.01264499
2019,2019-01-09,6,주,수,1,0,0,0,0,충남,공주시,차대사람,기타,기타,과속,단일로,기타단일로,승용차,보행자,968625.0,1845362.0,127.1491814,36.60558189
2019,2019-01-09,18,야,수,1,1,1,0,0,경기,화성시,차대사람,횡단중,횡단중,안전운전 의무 불이행,단일로,기타단일로,화물차,보행자,947643.0,1903886.0,126.9105416,37.13220475
2019,2019-01-10,1,야,목,1,3,2,1,0,경기,용인시,차대사람,기타,기타,안전운전 의무 불이행,단일로,기타단일로,화물차,보행자,976942.0,1916502.0,127.2400081,37.24710726
2019,2019-01-10,5,야,목,1,0,0,0,0,경북,경산시,차대사람,횡단중,횡단중,안전운전 의무 불이행,단일로,교량위,승용차,보행자,1119461.0,1768698.0,128.8238856,35.90763144
2019,2019-01-10,8,주,목,1,0,0,0,0,충남,아산시,차량단독,도로이탈,도로이탈 추락,안전운전 의무 불이행,단일로,기타단일로,승용차,없음,955469.0,1875543.0,127.0003218,36.87712412
2019,2019-01-10,12,주,목,1,0,0,0,0,경북,영덕군,차량단독,공작물충돌,공작물충돌,안전운전 의무 불이행,단일로,기타단일로,이륜차,없음,1170204.0,1846026.0,129.4028186,36.59689091
2019,2019-01-10,14,주,목,1,0,0,0,0,경북,예천군,차대차,추돌,추돌,안전운전 의무 불이행,단일로,기타단일로,화물차,자전거,1081892.0,1849125.0,128.4160289,36.63649988
2019,2019-01-10,15,주,목,1,0,0,0,0,전남,장흥군,차대차,측면충돌,측면충돌,기타,교차로,교차로내,자전거,승용차,945922.0,1631896.0,126.9096681,34.67995747
2019,2019-01-10,16,주,목,1,0,0,0,0,경남,사천시,차대차,측면충돌,측면충돌,안전운전 의무 불이행,단일로,기타단일로,승용차,원동기장치자전거,1042788.0,1671675.0,127.9691231,35.03919313
2019,2019-01-10,18,야,목,1,0,0,0,0,경기,고양시,차대사람,횡단중,횡단중,보행자 보호의무 위반,교차로,교차로내,화물차,보행자,945089.0,1955328.0,126.8779733,37.5957228
2019,2019-01-10,20,야,목,1,0,0,0,0,충북,충주시,차대차,기타,기타,과속,기타,기타,승용차,승용차,1024453.0,1884972.0,127.7746929,36.96285504
2019,2019-01-10,20,야,목,1,2,2,0,0,경북,상주시,차대차,측면충돌,측면충돌,신호위반,교차로,교차로내,승용차,승용차,1070921.0,1820243.0,128.2906685,36.37702882
2019,2019-01-10,23,야,목,1,0,0,0,0,충남,당진시,차대차,추돌,추돌,안전운전 의무 불이행,교차로,교차로부근,화물차,특수차,936193.0,1883223.0,126.7833933,36.94524438
2019,2019-01-11,5,야,금,1,1,0,1,0,경북,영천시,차대차,기타,기타,안전운전 의무 불이행,단일로,기타단일로,특수차,화물차,1136134.0,1769168.0,129.0086849,35.90968858
2019,2019-01-11,6,주,금,1,1,0,1,0,경기,양주시,차대차,측면충돌,측면충돌,신호위반,교차로,교차로내,승용차,승용차,960065.0,1979081.0,127.0463113,37.81058245
2019,2019-01-11,7,주,금,1,0,0,0,0,경기,광주시,차대사람,차도통행중,차도통행중,보행자 보호의무 위반,교차로,교차로부근,화물차,보행자,978091.0,1932576.0,127.252489,37.39202376
2019,2019-01-11,8,주,금,1,0,0,0,0,경기,고양시,차대사람,차도통행중,차도통행중,안전운전 의무 불이행,기타,기타,승용차,보행자,941778.0,1961232.0,126.8399986,37.64873122
2019,2019-01-11,14,주,금,1,0,0,0,0,충북,진천군,차대차,기타,기타,안전운전 의무 불이행,교차로,교차로내,화물차,원동기장치자전거,995009.0,1887832.0,127.4439144,36.9889409
2019,2019-01-11,15,주,금,1,0,0,0,0,충남,논산시,차대차,기타,기타,안전운전 의무 불이행,단일로,기타단일로,화물차,이륜차,964618.0,1804504.0,127.1062422,36.23710288
2019,2019-01-11,17,주,금,2,0,0,0,0,제주,서귀포시,차대사람,기타,기타,안전운전 의무 불이행,단일로,기타단일로,승용차,보행자,893272.3,1477578.0,126.3538391,33.28431752
2019,2019-01-11,22,야,금,1,1,0,1,0,경북,칠곡군,차대차,측면충돌,측면충돌,신호위반,교차로,교차로내,화물차,승용차,1081444.0,1771617.0,128.4029323,35.93785191
2019,2019-01-11,23,야,금,1,0,0,0,0,충남,천안시,차대사람,기타,기타,안전운전 의무 불이행,단일로,기타단일로,승합차,보행자,967247.9,1867785.8,127.1328233,36.80767918
2019,2019-01-12,5,야,토,2,4,4,0,0,대구,달성군,차대차,측면충돌,측면충돌,신호위반,교차로,교차로내,승용차,승합차,1087747.0,1744593.0,128.4698345,35.69368672
2019,2019-01-12,5,야,토,1,0,0,0,0,경기,의정부시,차대차,추돌,추돌,안전운전 의무 불이행,단일로,기타단일로,승용차,건설기계,958946.0,1970050.0,127.03411,37.72913682
2019,2019-01-12,6,주,토,1,0,0,0,0,경기,부천시,차대차,기타,기타,안전운전 의무 불이행,교차로,교차로횡단보도내,승용차,자전거,936229.0,1944288.0,126.7785744,37.49564901
2019,2019-01-12,7,주,토,1,2,2,0,0,강원,원주시,차대차,정면충돌,정면충돌,중앙선 침범,단일로,기타단일로,승용차,화물차,1037934.0,1928867.0,127.9283553,37.3580748
2019,2019-01-12,9,주,토,1,0,0,0,0,경기,고양시,차대차,측면충돌,측면충돌,안전운전 의무 불이행,단일로,기타단일로,이륜차,건설기계,942707.0,1957621.0,126.8508122,37.61624415
2019,2019-01-12,11,주,토,1,0,0,0,0,경북,안동시,차대사람,길가장자리구역통행중,길가장자리구역통행중,과속,단일로,기타단일로,승용차,보행자,1102900.0,1831884.0,128.6486792,36.47906348
2019,2019-01-12,12,주,토,1,4,3,1,0,경기,광주시,차대차,추돌,추돌,안전운전 의무 불이행,단일로,터널안,건설기계,승용차,983163.9,1930523.7,127.3098451,37.37363081
2019,2019-01-12,20,야,토,1,0,0,0,0,경기,화성시,차대사람,기타,기타,안전운전 의무 불이행,단일로,기타단일로,승용차,보행자,950255.1,1910792.6,126.9394889,37.19460169
2019,2019-01-12,20,야,토,1,3,0,3,0,경기,화성시,차대차,정면충돌,정면충돌,중앙선 침범,단일로,기타단일로,승용차,승합차,929015.0,1905987.0,126.7006362,37.14991348
2019,2019-01-12,21,야,토,1,0,0,0,0,경기,김포시,차대사람,차도통행중,차도통행중,안전운전 의무 불이행,단일로,기타단일로,승용차,보행자,929352.0,1958474.0,126.6994163,37.62300243
2019,2019-01-12,22,야,토,1,0,0,0,0,인천,남동구,차대사람,횡단중,횡단중,안전운전 의무 불이행,교차로,교차로내,승합차,보행자,931188.0,1934117.0,126.7225009,37.40361669
2019,2019-01-13,5,야,일,1,0,0,0,0,충북,충주시,차대사람,기타,기타,안전운전 의무 불이행,단일로,기타단일로,승용차,보행자,1026097.0,1886722.0,127.793221,36.97858601
2019,2019-01-13,5,야,일,1,7,4,3,0,경기,하남시,차대차,추돌,추돌,안전운전 의무 불이행,단일로,기타단일로,승용차,화물차,977000.0,1943223.0,127.2398318,37.48796582
2019,2019-01-13,7,주,일,1,0,0,0,0,충남,금산군,차대사람,차도통행중,차도통행중,안전운전 의무 불이행,단일로,기타단일로,화물차,보행자,1006132.0,1782333.0,127.5680694,36.03784361
2019,2019-01-13,8,주,일,1,0,0,0,0,경기,김포시,차대차,추돌,추돌,안전운전 의무 불이행,기타,기타,승용차,특수차,934451.0,1958140.0,126.7572236,37.62037005
2019,2019-01-13,11,주,일,1,0,0,0,0,충남,서산시,차량단독,도로이탈,도로이탈 추락,안전운전 의무 불이행,교차로,교차로부근,자전거,없음,917076.0,1864287.0,126.5707848,36.77307616
2019,2019-01-13,11,주,일,1,0,0,0,0,경기,남양주시,차대사람,기타,기타,안전운전 의무 불이행,단일로,기타단일로,승용차,보행자,982680.0,1951727.0,127.303881,37.56474126
2019,2019-01-13,17,주,일,1,0,0,0,0,인천,부평구,차대사람,횡단중,횡단중,안전운전 의무 불이행,단일로,기타단일로,승용차,보행자,929603.8,1944143.3,126.7036453,37.49386341
2019,2019-01-13,18,야,일,1,0,0,0,0,전남,진도군,차량단독,기타,기타,안전운전 의무 불이행,단일로,기타단일로,농기계,없음,884420.0,1610799.0,126.2412704,34.48464995
2019,2019-01-13,21,야,일,1,0,0,0,0,인천,중구,차량단독,공작물충돌,공작물충돌,안전운전 의무 불이행,교차로,교차로내,승용차,없음,922818.9,1939755.0,126.6273592,37.45377086
2019,2019-01-14,0,야,월,1,1,1,0,0,경기,시흥시,차대차,기타,기타,안전운전 의무 불이행,단일로,기타단일로,이륜차,승용차,936954.0,1938048.0,126.7873097,37.43945759
2019,2019-01-14,4,야,월,1,0,0,0,0,경북,문경시,차량단독,공작물충돌,공작물충돌,안전운전 의무 불이행,교차로,교차로내,승용차,없음,1061602.0,1844465.0,128.1887123,36.59602187
2019,2019-01-14,5,야,월,1,1,1,0,0,충북,영동군,차대차,추돌,추돌,안전운전 의무 불이행,단일로,기타단일로,화물차,특수차,1030312.9,1807702.6,127.8374699,36.26611192
2019,2019-01-14,5,야,월,2,2,2,0,0,경북,김천시,차대차,추돌,추돌,기타,단일로,고가도로위,화물차,화물차,1060789.0,1795019.0,128.175757,36.15033079
2019,2019-01-14,7,주,월,1,0,0,0,0,경기,김포시,차대차,추돌,추돌,안전운전 의무 불이행,기타,기타,이륜차,건설기계,932481.0,1958782.0,126.7348428,37.62601356
2019,2019-01-14,7,주,월,1,0,0,0,0,대전,대덕구,차대차,기타,기타,신호위반,교차로,교차로부근,화물차,자전거,990556.0,1826775.0,127.3946289,36.43848705
2019,2019-01-14,11,주,월,1,0,0,0,0,강원,삼척시,차대사람,횡단중,횡단중,안전운전 의무 불이행,교차로,교차로횡단보도내,승용차,보행자,1147537.0,1939338.0,129.1677949,37.44146514
2019,2019-01-14,11,주,월,1,0,0,0,0,전남,순천시,차량단독,전도,전도,안전운전 의무 불이행,단일로,기타단일로,화물차,없음,998380.0,1667505.0,127.4822464,35.00249613
2019,2019-01-14,14,주,월,1,0,0,0,0,충남,논산시,차대차,측면충돌,측면충돌,안전운전 의무 불이행,교차로,교차로내,승용차,이륜차,963968.0,1793003.0,127.0995369,36.13339224
2019,2019-01-14,15,주,월,1,0,0,0,0,강원,횡성군,차량단독,공작물충돌,공작물충돌,안전운전 의무 불이행,단일로,기타단일로,승용차,없음,1060272.0,1935236.0,128.1811046,37.41429755
2019,2019-01-14,17,주,월,1,0,0,0,0,서울,구로구,차대사람,횡단중,횡단중,안전운전 의무 불이행,교차로,교차로내,승용차,보행자,945828.0,1943562.0,126.8872128,37.48971867
2019,2019-01-14,17,주,월,1,0,0,0,0,경북,영덕군,차량단독,도로이탈,도로이탈 추락,안전운전 의무 불이행,단일로,기타단일로,사륜오토바이(ATV),없음,1161420.0,1824701.0,129.3002066,36.40626468
2019,2019-01-14,19,야,월,1,0,0,0,0,충남,서천군,차량단독,도로이탈,도로이탈 추락,안전운전 의무 불이행,기타,기타,농기계,없음,936403.0,1797589.0,126.7928221,36.17331917
2019,2019-01-15,2,야,화,2,0,0,0,0,경기,평택시,차량단독,공작물충돌,공작물충돌,안전운전 의무 불이행,단일로,기타단일로,화물차,없음,954298.0,1892940.0,126.98613,37.03388705
2019,2019-01-15,4,야,화,1,0,0,0,0,대전,동구,차량단독,공작물충돌,공작물충돌,안전운전 의무 불이행,단일로,교량위,승용차,없음,994663.0,1814573.0,127.4405364,36.32851328
2019,2019-01-15,7,주,화,1,0,0,0,0,경기,광명시,차대차,추돌,추돌,안전운전 의무 불이행,단일로,기타단일로,건설기계,이륜차,943570.0,1942189.0,126.8617773,37.4772084
2019,2019-01-15,15,주,화,1,0,0,0,0,강원,홍천군,차량단독,공작물충돌,공작물충돌,안전운전 의무 불이행,단일로,기타단일로,승용차,없음,1025134.0,1959264.0,127.784857,37.63249516
2019,2019-01-15,21,야,화,1,2,0,2,0,경기,화성시,차대차,측면충돌,측면충돌,중앙선 침범,단일로,기타단일로,화물차,승용차,954991.0,1907917.0,126.9930229,37.16892205
2019,2019-01-15,22,야,화,1,0,0,0,0,충북,청주시,차대사람,횡단중,횡단중,과속,교차로,교차로횡단보도내,승용차,보행자,996951.0,1849998.0,127.465889,36.64788688
2019,2019-01-15,23,야,화,1,0,0,0,0,충남,천안시,차량단독,공작물충돌,공작물충돌,안전운전 의무 불이행,단일로,기타단일로,승용차,없음,971956.0,1873268.0,127.1854017,36.85724998
2019,2019-01-16,4,야,수,1,0,0,0,0,서울,성동구,차량단독,기타,기타,안전운전 의무 불이행,교차로,교차로부근,승용차,없음,957987.0,1949576.0,127.0244051,37.54455817
2019,2019-01-16,4,야,수,1,2,0,2,0,부산,기장군,차대차,추돌,추돌,안전운전 의무 불이행,단일로,기타단일로,승용차,승용차,1149079.0,1708176.0,129.1408188,35.35809431
2019,2019-01-16,6,주,수,1,1,0,1,0,경기,김포시,차대차,추돌,추돌,안전운전 의무 불이행,단일로,기타단일로,화물차,화물차,937092.0,1954932.0,126.7874241,37.59164155
2019,2019-01-16,9,주,수,1,0,0,0,0,전남,영암군,차대차,추돌,추돌,안전운전 의무 불이행,단일로,기타단일로,화물차,화물차,918662.0,1652304.0,126.6101429,34.86216591
2019,2019-01-16,9,주,수,1,0,0,0,0,경기,고양시,차량단독,기타,기타,안전운전 의무 불이행,단일로,기타단일로,이륜차,없음,934208.0,1964188.0,126.7539251,37.67486135
2019,2019-01-16,11,주,수,1,0,0,0,0,전남,진도군,차량단독,기타,기타,기타,단일로,기타단일로,화물차,없음,871662.9,1604886.2,126.1032614,34.42983297
2019,2019-01-16,14,주,수,1,0,0,0,0,인천,중구,차대사람,횡단중,횡단중,안전운전 의무 불이행,교차로,교차로부근,화물차,보행자,920566.0,1939920.0,126.601872,37.45506713
2019,2019-01-16,19,야,수,1,0,0,0,0,경남,창원시(통합),차대사람,기타,기타,안전운전 의무 불이행,단일로,기타단일로,승용차,보행자,1105124.0,1701654.0,128.6563023,35.3048978
2019,2019-01-16,20,야,수,1,0,0,0,0,경남,고성군,차대차,정면충돌,정면충돌,안전운전 의무 불이행,단일로,기타단일로,화물차,화물차,1071503.0,1660131.0,128.2829388,34.93347972
2019,2019-01-16,21,야,수,1,4,0,3,1,전남,화순군,차량단독,도로이탈,도로이탈 추락,과속,단일로,기타단일로,승용차,없음,966462.9,1667079.5,127.1324861,34.99810421
2019,2019-01-16,22,야,수,1,0,0,0,0,서울,강남구,차대사람,횡단중,횡단중,안전운전 의무 불이행,단일로,기타단일로,승용차,보행자,961407.0,1945530.0,127.0633317,37.50823968
2019,2019-01-16,22,야,수,1,2,2,0,0,제주,제주시,차대사람,기타,기타,과속,교차로,교차로내,승용차,보행자,910936.0,1502096.0,126.5410808,33.50703839
2019,2019-01-17,5,야,목,1,0,0,0,0,서울,강동구,차대사람,횡단중,횡단중,과속,교차로,교차로횡단보도내,승용차,보행자,969058.0,1948101.0,127.1497905,37.5317016
2019,2019-01-17,5,야,목,1,0,0,0,0,충남,아산시,차대사람,기타,기타,안전운전 의무 불이행,기타,기타,승용차,보행자,960348.0,1871841.0,127.0552604,36.8439705
2019,2019-01-17,5,야,목,1,0,0,0,0,인천,남동구,차대사람,차도통행중,차도통행중,안전운전 의무 불이행,단일로,기타단일로,화물차,보행자,929950.0,1939510.0,126.7080022,37.45213053