발생년,발생년월일,발생시간,주야,요일,사망자수,부상자수,중상자수,경상자수,부상신고자수,발생지시도,발생지시군구,사고유형_대분류,사고유형_중분류,사고유형,가해자법규위반,도로형태_대분류,도로형태,가해자_당사자종별,피해자_당사자종별,발생위치X_UTMK,발생위치Y_UTMK,경도,위도
2019,2019-01-30,18,야,수,1,0,0,0,0,서울,양천구,차대사람,차도통행중,차도통행중,안전운전 의무 불이행,단일로,기타단일로,화물차,보행자,941204.0,1948103.0,126.8345465,37.53036403
2019,2019-01-30,18,야,수,1,0,0,0,0,전남,영암군,차대사람,길가장자리구역통행중,길가장자리구역통행중,안전운전 의무 불이행,단일로,기타단일로,화물차,보행자,921939.5,1648313.4,126.6463676,34.82644107
2019,2019-01-30,19,야,수,1,1,1,0,0,전남,완도군,차대사람,길가장자리구역통행중,길가장자리구역통행중,안전운전 의무 불이행,단일로,기타단일로,승용차,보행자,943134.0,1600089.0,126.8813604,34.39298347
2019,2019-01-30,21,야,수,1,0,0,0,0,경북,경주시,차대사람,기타,기타,안전운전 의무 불이행,단일로,기타단일로,승용차,보행자,1155554.0,1764670.0,129.2229436,35.8662561
2019,2019-01-31,0,야,목,1,2,1,1,0,서울,구로구,차대사람,횡단중,횡단중,안전운전 의무 불이행,교차로,교차로횡단보도내,승용차,보행자,940264.0,1943538.0,126.8242793,37.48915915
2019,2019-01-31,3,야,목,1,1,0,1,0,충북,옥천군,차대차,추돌,추돌,안전운전 의무 불이행,단일로,기타단일로,승용차,화물차,1008545.2,1811219.4,127.5951719,36.29825591
2019,2019-01-31,4,야,목,1,0,0,0,0,경기,오산시,차대사람,횡단중,횡단중,안전운전 의무 불이행,교차로,교차로부근,승용차,보행자,962124.0,1905003.0,127.0735137,37.14297192
2019,2019-01-31,6,주,목,1,0,0,0,0,경기,평택시,차대사람,횡단중,횡단중,보행자 보호의무 위반,교차로,교차로횡단보도내,승용차,보행자,960735.0,1885034.0,127.0589169,36.96291244
2019,2019-01-31,6,주,목,1,0,0,0,0,제주,서귀포시,차대사람,횡단중,횡단중,안전운전 의무 불이행,단일로,기타단일로,승용차,보행자,920915.3,1476006.2,126.6508044,33.2725243
2019,2019-01-31,10,주,목,1,0,0,0,0,충남,부여군,차량단독,공작물충돌,공작물충돌,안전운전 의무 불이행,단일로,기타단일로,승용차,없음,940885.0,1813754.0,126.8414359,36.31933026
2019,2019-01-31,12,주,목,1,1,1,0,0,충남,서산시,차대차,정면충돌,정면충돌,안전운전 의무 불이행,단일로,기타단일로,승합차,화물차,900696.0,1853478.0,126.3886701,36.67407796
2019,2019-01-31,16,주,목,2,0,0,0,0,경기,양주시,차대차,측면충돌,측면충돌,신호위반,교차로,교차로내,건설기계,사륜오토바이(ATV),953797.0,1987878.0,126.9745427,37.88957186
2019,2019-01-31,18,야,목,1,0,0,0,0,경기,군포시,차대사람,횡단중,횡단중,안전운전 의무 불이행,단일로,기타단일로,이륜차,보행자,951040.0,1928762.0,126.9471494,37.356612
2019,2019-01-31,18,야,목,1,0,0,0,0,경기,연천군,차대차,측면충돌,측면충돌,중앙선 침범,단일로,기타단일로,화물차,이륜차,961495.0,2004962.0,127.0611724,38.04390282
2019,2019-01-31,19,야,목,1,0,0,0,0,경기,부천시,차대차,측면충돌,측면충돌,신호위반,교차로,교차로내,승용차,이륜차,939122.0,1945431.0,126.8112054,37.5061462
2019,2019-01-31,20,야,목,1,0,0,0,0,전북,정읍시,차대사람,기타,기타,안전운전 의무 불이행,단일로,기타단일로,승용차,보행자,941494.5,1730338.4,126.854372,35.56733834
2019,2019-01-31,21,야,목,1,0,0,0,0,충북,제천시,차량단독,공작물충돌,공작물충돌,안전운전 의무 불이행,교차로,교차로부근,화물차,없음,1057569.0,1878106.0,128.1461636,36.89952194
2019,2019-01-31,23,야,목,1,0,0,0,0,경북,김천시,차대사람,차도통행중,차도통행중,안전운전 의무 불이행,단일로,기타단일로,승용차,보행자,1054928.0,1792283.0,128.110416,36.12601506
2019,2019-02-01,9,주,금,1,0,0,0,0,경북,구미시,차대차,측면충돌,측면충돌,안전운전 의무 불이행,단일로,기타단일로,승용차,자전거,1084209.0,1789152.0,128.4354492,36.09569048
2019,2019-02-01,14,주,금,1,0,0,0,0,경북,김천시,차량단독,전도,전도,안전운전 의무 불이행,교차로,교차로부근,이륜차,없음,1056247.0,1792895.0,128.125117,36.13145678
2019,2019-02-01,15,주,금,1,0,0,0,0,전북,순창군,차대사람,차도통행중,차도통행중,안전운전 의무 불이행,단일로,기타단일로,화물차,보행자,977377.0,1717700.0,127.250694,35.45485335
2019,2019-02-01,22,야,금,1,0,0,0,0,전북,완주군,차대사람,차도통행중,차도통행중,과속,단일로,기타단일로,승용차,보행자,973354.0,1753106.0,127.2051919,35.77398848
2019,2019-02-02,0,야,토,1,1,1,0,0,경기,성남시,차대차,정면충돌,정면충돌,교차로 통행방법 위반,교차로,교차로내,승용차,승용차,967695.0,1930508.0,127.1351351,37.37307936
2019,2019-02-02,0,야,토,1,2,1,1,0,경기,고양시,차대사람,기타,기타,신호위반,교차로,교차로내,승용차,보행자,935293.0,1962819.0,126.7663495,37.66260019
2019,2019-02-02,3,야,토,1,0,0,0,0,대구,남구,차대사람,횡단중,횡단중,보행자 보호의무 위반,교차로,교차로횡단보도내,승용차,보행자,1099191.0,1761578.0,128.5984047,35.84571485
2019,2019-02-02,7,주,토,1,0,0,0,0,경기,의정부시,차대사람,횡단중,횡단중,안전운전 의무 불이행,단일로,기타단일로,승용차,보행자,959624.0,1970477.0,127.0417802,37.73301553
2019,2019-02-02,12,주,토,1,0,0,0,0,전남,화순군,차대사람,횡단중,횡단중,안전운전 의무 불이행,교차로,교차로부근,화물차,보행자,952968.0,1674243.0,126.9842022,35.06215996
2019,2019-02-02,13,주,토,1,0,0,0,0,전남,장성군,차대차,기타,기타,교차로 통행방법 위반,교차로,교차로내,화물차,이륜차,924057.0,1696287.0,126.6651322,35.25915158
2019,2019-02-02,19,야,토,1,0,0,0,0,전남,곡성군,차량단독,도로이탈,도로이탈 추락,안전운전 의무 불이행,교차로,교차로부근,이륜차,없음,985486.0,1700014.0,127.3403694,35.29553288
2019,2019-02-02,23,야,토,1,0,0,0,0,대전,유성구,차량단독,전도,전도,안전운전 의무 불이행,단일로,기타단일로,이륜차,없음,982299.0,1816587.0,127.3027342,36.34652234
2019,2019-02-03,5,야,일,1,3,3,0,0,경북,봉화군,차대차,기타,기타,중앙선 침범,단일로,기타단일로,승용차,승합차,1112283.0,1874982.0,128.7597175,36.86644103
2019,2019-02-03,8,주,일,1,2,2,0,0,서울,영등포구,차대차,기타,기타,신호위반,단일로,기타단일로,승용차,승용차,946793.0,1945276.0,126.8980042,37.50522336
2019,2019-02-03,16,주,일,1,4,0,4,0,경기,안양시,차대차,정면충돌,정면충돌,중앙선 침범,단일로,기타단일로,승용차,승용차,949307.0,1933861.0,126.927232,37.40247825
2019,2019-02-03,20,야,일,1,0,0,0,0,충북,증평군,차대사람,횡단중,횡단중,신호위반,교차로,교차로내,승용차,보행자,1006884.0,1866014.0,127.5771597,36.79224866
2019,2019-02-04,13,주,월,1,0,0,0,0,대전,동구,차대사람,기타,기타,안전운전 의무 불이행,교차로,교차로부근,승용차,보행자,994294.0,1813782.0,127.4364309,36.32137994
2019,2019-02-04,16,주,월,1,0,0,0,0,대전,동구,차대차,기타,기타,안전운전 의무 불이행,교차로,교차로부근,자전거,승합차,996175.0,1812225.0,127.4573942,36.30735217
2019,2019-02-04,21,야,월,2,2,2,0,0,전북,임실군,차대차,정면충돌,정면충돌,중앙선 침범,단일로,기타단일로,승용차,승용차,985817.0,1729192.0,127.3435017,35.55862896
2019,2019-02-04,23,야,월,1,0,0,0,0,전남,목포시,차대사람,기타,기타,안전운전 의무 불이행,단일로,기타단일로,승용차,보행자,903367.0,1645048.0,126.4436711,34.7954052
2019,2019-02-05,22,야,화,1,0,0,0,0,강원,원주시,차대사람,횡단중,횡단중,안전운전 의무 불이행,단일로,기타단일로,승용차,보행자,1038622.0,1928644.0,127.9361125,37.35603637
2019,2019-02-06,3,야,수,1,0,0,0,0,부산,사하구,차량단독,전도,전도,안전운전 의무 불이행,단일로,기타단일로,이륜차,없음,1134909.0,1675282.0,128.9795174,35.06360114
2019,2019-02-06,3,야,수,1,0,0,0,0,충남,천안시,차대차,측면충돌,측면충돌,신호위반,교차로,교차로내,이륜차,승용차,969904.0,1869282.0,127.1625406,36.82125496
2019,2019-02-06,7,주,수,1,0,0,0,0,경북,청도군,차대사람,기타,기타,안전운전 의무 불이행,단일로,기타단일로,화물차,보행자,1121150.0,1739113.0,128.8381228,35.64075008
2019,2019-02-06,7,주,수,1,0,0,0,0,경북,구미시,차량단독,공작물충돌,공작물충돌,안전운전 의무 불이행,교차로,교차로부근,승용차,없음,1077978.0,1790340.0,128.3663562,36.10692035
2019,2019-02-06,10,주,수,1,1,1,0,0,경남,거창군,차량단독,공작물충돌,공작물충돌,안전운전 의무 불이행,단일로,기타단일로,화물차,없음,1037900.0,1747184.0,127.9190385,35.72022557
2019,2019-02-06,15,주,수,1,0,0,0,0,제주,제주시,차대차,기타,기타,중앙선 침범,단일로,기타단일로,승용차,이륜차,889459.0,1494307.0,126.3108449,33.43479384
2019,2019-02-06,15,주,수,1,0,0,0,0,경기,고양시,차대사람,횡단중,횡단중,신호위반,교차로,교차로횡단보도내,승합차,보행자,939414.0,1964862.0,126.8129006,37.6812946
2019,2019-02-06,19,야,수,1,0,0,0,0,전북,장수군,차대사람,길가장자리구역통행중,길가장자리구역통행중,과속,단일로,기타단일로,승용차,보행자,1001799.9,1743481.2,127.5198924,35.6875676
2019,2019-02-06,23,야,수,1,0,0,0,0,서울,송파구,차대사람,횡단중,횡단중,신호위반,기타,기타,원동기장치자전거,보행자,966177.0,1943929.0,127.1173753,37.49399631
2019,2019-02-07,0,야,목,1,0,0,0,0,경기,안산시,차대차,기타,기타,안전운전 의무 불이행,단일로,기타단일로,승용차,화물차,944643.9,1930174.5,126.8748234,37.36898375
2019,2019-02-07,3,야,목,1,0,0,0,0,서울,구로구,차대사람,횡단중,횡단중,과속,단일로,기타단일로,승용차,보행자,944957.0,1943163.0,126.8773906,37.48607091
2019,2019-02-07,4,야,목,1,0,0,0,0,경기,남양주시,차대사람,횡단중,횡단중,과속,교차로,교차로내,승용차,보행자,966373.0,1960696.0,127.1188231,37.64513049
2019,2019-02-07,7,주,목,1,0,0,0,0,경북,구미시,차대차,추돌,추돌,안전운전 의무 불이행,단일로,기타단일로,승용차,기타,1076759.0,1787567.0,128.352544,36.08201947
2019,2019-02-07,9,주,목,1,1,0,1,0,경남,함양군,차대차,측면충돌,측면충돌,안전운전 의무 불이행,단일로,기타단일로,이륜차,승용차,1021567.0,1725119.0,127.737866,35.52177124
2019,2019-02-07,17,주,목,1,0,0,0,0,충북,청주시,차대사람,기타,기타,보행자 보호의무 위반,교차로,교차로횡단보도내,화물차,보행자,998922.0,1852823.0,127.4879358,36.67335838
2019,2019-02-07,18,야,목,1,0,0,0,0,충남,당진시,차량단독,도로이탈,도로이탈 추락,안전운전 의무 불이행,단일로,기타단일로,사륜오토바이(ATV),없음,920632.0,1870935.0,126.6099343,36.83330338
2019,2019-02-07,18,야,목,1,0,0,0,0,전남,함평군,차대사람,길가장자리구역통행중,길가장자리구역통행중,안전운전 의무 불이행,단일로,기타단일로,승용차,보행자,908006.0,1684519.0,126.490015,35.15170848
2019,2019-02-07,20,야,목,1,0,0,0,0,경기,양주시,차량단독,공작물충돌,공작물충돌,안전운전 의무 불이행,단일로,기타단일로,승용차,없음,954734.0,1977332.0,126.9858589,37.79457018
2019,2019-02-08,3,야,금,1,0,0,0,0,경기,여주시,차대사람,차도통행중,차도통행중,안전운전 의무 불이행,단일로,기타단일로,화물차,보행자,1004072.0,1921912.0,127.5459439,37.29614959
2019,2019-02-08,3,야,금,1,0,0,0,0,울산,북구,차량단독,공작물충돌,공작물충돌,안전운전 의무 불이행,단일로,기타단일로,승용차,없음,1176345.0,1741110.0,129.4479322,35.65043275
2019,2019-02-08,6,주,금,1,0,0,0,0,서울,마포구,차대사람,횡단중,횡단중,안전운전 의무 불이행,교차로,교차로내,승용차,보행자,952512.0,1950360.0,126.9623787,37.55135863
2019,2019-02-08,10,주,금,1,0,0,0,0,전남,영광군,차대차,측면충돌,측면충돌,신호위반,교차로,교차로내,승용차,건설기계,913131.0,1701357.0,126.544496,35.30397324
2019,2019-02-08,13,주,금,1,0,0,0,0,충북,옥천군,차대차,추돌,추돌,안전운전 의무 불이행,단일로,기타단일로,승용차,건설기계,1010124.4,1808319.6,127.6127225,36.27209747
2019,2019-02-08,14,주,금,1,0,0,0,0,경북,구미시,차대사람,기타,기타,기타,단일로,기타단일로,승합차,보행자,1082912.0,1793827.0,128.4215353,36.13794534
2019,2019-02-08,15,주,금,1,0,0,0,0,인천,미추홀구,차대차,측면충돌,측면충돌,안전운전 의무 불이행,단일로,기타단일로,승용차,승용차,926283.0,1941133.0,126.6663839,37.46647316
2019,2019-02-09,2,야,토,1,0,0,0,0,경북,포항시,차량단독,도로이탈,도로이탈 추락,안전운전 의무 불이행,단일로,기타단일로,승용차,없음,1168587.0,1784946.0,129.3715399,36.04681059
2019,2019-02-09,13,주,토,1,2,0,0,2,경기,평택시,차량단독,공작물충돌,공작물충돌,안전운전 의무 불이행,단일로,기타단일로,승용차,없음,963757.0,1896117.0,127.0923304,37.06293786
2019,2019-02-09,13,주,토,1,0,0,0,0,경남,김해시,차대차,기타,기타,신호위반,교차로,교차로내,승용차,이륜차,1124361.0,1697264.0,128.8671829,35.26311644
2019,2019-02-09,22,야,토,1,3,1,2,0,인천,남동구,차대차,정면충돌,정면충돌,신호위반,교차로,교차로내,이륜차,승용차,932234.0,1939081.0,126.7338628,37.44843421
2019,2019-02-10,14,주,일,1,2,2,0,0,대전,중구,차대사람,보도통행중,보도통행중,중앙선 침범,단일로,기타단일로,승용차,보행자,993791.0,1813679.0,127.4308279,36.32044824
2019,2019-02-11,5,야,월,1,2,0,2,0,대전,유성구,차대사람,횡단중,횡단중,보행자 보호의무 위반,교차로,교차로횡단보도내,승용차,보행자,985214.0,1817592.0,127.3352007,36.355632
2019,2019-02-11,9,주,월,2,3,2,1,0,전남,구례군,차량단독,기타,기타,안전운전 의무 불이행,단일로,기타단일로,승용차,없음,994727.0,1693761.0,127.4420456,35.23924077
2019,2019-02-11,16,주,월,1,2,1,1,0,경북,청도군,차대차,측면충돌,측면충돌,안전운전 의무 불이행,단일로,기타단일로,승합차,화물차,1110013.0,1745675.0,128.7160357,35.70120625
2019,2019-02-11,19,야,월,1,0,0,0,0,서울,종로구,차대사람,차도통행중,차도통행중,안전운전 의무 불이행,단일로,기타단일로,승용차,보행자,952632.0,1955433.0,126.9634092,37.59708856
2019,2019-02-11,20,야,월,1,0,0,0,0,충남,금산군,차대사람,길가장자리구역통행중,길가장자리구역통행중,안전운전 의무 불이행,단일로,기타단일로,화물차,보행자,998172.0,1792549.0,127.4796843,36.1299668
2019,2019-02-12,0,야,화,1,0,0,0,0,서울,강남구,차대차,기타,기타,안전운전 의무 불이행,단일로,기타단일로,승용차,이륜차,958931.0,1942954.0,127.0354612,37.48491434
2019,2019-02-12,5,야,화,1,2,2,0,0,경기,용인시,차대차,측면충돌,측면충돌,신호위반,교차로,교차로내,승용차,화물차,974544.0,1918157.0,127.212913,37.26196286
2019,2019-02-12,11,주,화,1,0,0,0,0,제주,제주시,차대사람,기타,기타,안전운전 의무 불이행,기타,기타,승용차,보행자,891215.0,1497322.0,126.3293666,33.46216229
2019,2019-02-12,18,야,화,1,0,0,0,0,서울,강남구,차대차,측면충돌,측면충돌,기타,단일로,기타단일로,승용차,승용차,960592.0,1947218.0,127.0540199,37.5234198
2019,2019-02-12,20,야,화,1,0,0,0,0,전남,구례군,차대사람,횡단중,횡단중,안전운전 의무 불이행,단일로,기타단일로,승용차,보행자,995236.0,1693941.0,127.4476388,35.24086639
2019,2019-02-12,23,야,화,1,0,0,0,0,경기,화성시,차량단독,공작물충돌,공작물충돌,안전운전 의무 불이행,단일로,기타단일로,승용차,없음,955689.0,1908630.0,127.0008426,37.17538228
2019,2019-02-13,0,야,수,1,0,0,0,0,대구,수성구,차량단독,공작물충돌,공작물충돌,안전운전 의무 불이행,단일로,기타단일로,이륜차,없음,1100270.0,1759385.0,128.6100757,35.82583627
2019,2019-02-13,1,야,수,1,0,0,0,0,경기,안산시,차량단독,공작물충돌,공작물충돌,안전운전 의무 불이행,단일로,기타단일로,이륜차,없음,943014.0,1925499.0,126.8567764,37.3267432
2019,2019-02-13,4,야,수,1,0,0,0,0,서울,강남구,차대사람,차도통행중,차도통행중,과속,단일로,기타단일로,승용차,보행자,959294.0,1944810.0,127.0394643,37.50165926
2019,2019-02-13,6,주,수,1,0,0,0,0,충남,천안시,차대차,기타,기타,안전운전 의무 불이행,단일로,기타단일로,승용차,승용차,973677.0,1876326.0,127.2046016,36.88486587
2019,2019-02-13,8,주,수,2,1,0,0,1,경기,고양시,차대차,측면충돌,측면충돌,신호위반,교차로,교차로내,승용차,이륜차,941969.0,1961739.0,126.8421233,37.65331283
2019,2019-02-13,9,주,수,2,1,0,1,0,충남,당진시,차대차,측면충돌,측면충돌,기타,교차로,교차로내,승용차,건설기계,916638.0,1889978.0,126.5630515,37.00460083
2019,2019-02-13,11,주,수,1,0,0,0,0,강원,영월군,차량단독,기타,기타,안전운전 의무 불이행,단일로,기타단일로,화물차,없음,1080419.0,1921308.0,128.4072412,37.28723707
2019,2019-02-13,14,주,수,1,0,0,0,0,경남,창원시(통합),차대사람,기타,기타,안전운전 의무 불이행,교차로,교차로부근,승용차,보행자,1106897.0,1685208.0,128.6736631,35.15644585
2019,2019-02-13,14,주,수,1,0,0,0,0,경남,고성군,차량단독,전도,전도,안전운전 의무 불이행,기타,기타,농기계,없음,1056833.0,1660322.0,128.1223287,34.93613091
2019,2019-02-13,16,주,수,1,0,0,0,0,충북,옥천군,차량단독,전도,전도,안전운전 의무 불이행,단일로,기타단일로,이륜차,없음,1023779.0,1814909.0,127.7649492,36.3312636
2019,2019-02-13,18,야,수,1,0,0,0,0,전남,보성군,차량단독,전도,전도,안전운전 의무 불이행,기타,기타,화물차,없음,961204.0,1644732.0,127.0758952,34.79640093
2019,2019-02-13,19,야,수,1,1,0,1,0,경북,경산시,차대차,측면충돌,측면충돌,신호위반,교차로,교차로내,화물차,이륜차,1111513.0,1760421.0,128.7346655,35.83396098
2019,2019-02-13,21,야,수,1,0,0,0,0,경북,포항시,차대사람,횡단중,횡단중,안전운전 의무 불이행,단일로,기타단일로,승용차,보행자,1170368.0,1788205.0,129.3920049,36.07586698
2019,2019-02-13,21,야,수,1,0,0,0,0,광주,동구,차대사람,차도통행중,차도통행중,안전운전 의무 불이행,단일로,기타단일로,화물차,보행자,946664.1,1684521.9,126.914408,35.15452917
2019,2019-02-13,22,야,수,1,0,0,0,0,충북,제천시,차대사람,횡단중,횡단중,안전운전 의무 불이행,단일로,지하차도(도로)내,승합차,보행자,1062656.7,1904565.9,128.2054666,37.13769976
2019,2019-02-14,0,야,목,1,0,0,0,0,경기,오산시,차대사람,기타,기타,과속,단일로,기타단일로,승용차,보행자,962149.0,1906040.0,127.0737428,37.1523204
2019,2019-02-14,1,야,목,1,0,0,0,0,경북,청도군,차대차,측면충돌,측면충돌,안전운전 의무 불이행,단일로,지하차도(도로)내,승용차,자전거,1114341.0,1736407.0,128.7625494,35.61716932
2019,2019-02-14,10,주,목,1,0,0,0,0,경기,김포시,차대차,기타,기타,안전운전 의무 불이행,교차로,교차로부근,승용차,화물차,919516.0,1961536.0,126.5876295,37.6497893
2019,2019-02-14,18,야,목,1,0,0,0,0,경기,이천시,차대사람,횡단중,횡단중,신호위반,교차로,교차로부근,승합차,보행자,1010301.0,1901849.0,127.6159479,37.1152516
2019,2019-02-14,19,야,목,1,0,0,0,0,경기,양평군,차대사람,기타,기타,과속,단일로,기타단일로,승용차,보행자,1003203.0,1943542.0,127.5362328,37.49112208
2019,2019-02-14,20,야,목,1,0,0,0,0,부산,부산진구,차대사람,기타,기타,안전운전 의무 불이행,단일로,기타단일로,승용차,보행자,1140578.0,1685600.0,129.0434214,35.15583344
2019,2019-02-14,20,야,목,1,0,0,0,0,경기,평택시,차량단독,공작물충돌,공작물충돌,안전운전 의무 불이행,단일로,기타단일로,승용차,없음,957042.0,1893386.0,127.0169569,37.03803692
2019,2019-02-14,22,야,목,1,0,0,0,0,경기,성남시,차대사람,기타,기타,안전운전 의무 불이행,교차로,교차로내,승합차,보행자,964747.0,1930110.0,127.1018589,37.36938453
2019,2019-02-15,2,야,금,1,0,0,0,0,대구,서구,차대사람,횡단중,횡단중,안전운전 의무 불이행,단일로,기타단일로,승용차,보행자,1096502.0,1763276.0,128.5688379,35.86129011
2019,2019-02-15,6,주,금,1,0,0,0,0,경북,김천시,차대사람,차도통행중,차도통행중,안전운전 의무 불이행,교차로,교차로부근,승합차,보행자,1056844.2,1791471.8,128.131651,36.11859152
2019,2019-02-15,7,주,금,1,4,1,3,0,경기,화성시,차량단독,전도,전도,과속,단일로,기타단일로,승합차,없음,938392.0,1919987.0,126.8050668,37.27676676
2019,2019-02-15,10,주,금,1,1,0,1,0,경기,양주시,차대사람,기타,기타,안전운전 의무 불이행,단일로,기타단일로,화물차,보행자,961192.0,1974226.0,127.0593743,37.76687316
2019,2019-02-15,11,주,금,1,0,0,0,0,강원,양양군,차대차,측면충돌,측면충돌,신호위반,교차로,교차로내,이륜차,화물차,1110548.8,1997650.2,128.7586345,37.97208737
2019,2019-02-15,12,주,금,1,0,0,0,0,충북,영동군,차대차,측면충돌,측면충돌,과속,교차로,교차로내,화물차,이륜차,1037349.0,1803268.0,127.9155886,36.22588586
2019,2019-02-15,12,주,금,1,0,0,0,0,대구,서구,차대사람,기타,기타,안전운전 의무 불이행,단일로,기타단일로,승용차,보행자,1096590.0,1763600.0,128.5698516,35.86420216
2019,2019-02-15,13,주,금,1,2,2,0,0,강원,양양군,차량단독,공작물충돌,공작물충돌,안전운전 의무 불이행,기타,기타,승용차,없음,1098267.0,2015229.0,128.6212423,38.13190455
2019,2019-02-15,14,주,금,1,0,0,0,0,경기,구리시,차대사람,횡단중,횡단중,안전운전 의무 불이행,교차로,교차로횡단보도내,승용차,보행자,968036.0,1956891.0,127.13784,37.61089432
2019,2019-02-15,15,주,금,1,0,0,0,0,전북,전주시,차대사람,기타,기타,안전운전 의무 불이행,단일로,기타단일로,승용차,보행자,966994.0,1755086.0,127.1347451,35.79164726
2019,2019-02-15,20,야,금,1,0,0,0,0,전북,군산시,차대사람,횡단중,횡단중,안전운전 의무 불이행,단일로,기타단일로,승용차,보행자,928488.0,1775502.0,126.706819,35.97365346
2019,2019-02-15,21,야,금,1,0,0,0,0,서울,성북구,차대사람,횡단중,횡단중,보행자 보호의무 위반,단일로,기타단일로,승용차,보행자,957045.0,1955925.0,127.0133696,37.60173973
2019,2019-02-16,0,야,토,1,0,0,0,0,경기,성남시,차대사람,횡단중,횡단중,안전운전 의무 불이행,기타,기타,승용차,보행자,967144.0,1934850.0,127.128719,37.41219723
2019,2019-02-16,2,야,토,1,0,0,0,0,경남,진주시,차대차,기타,기타,안전운전 의무 불이행,단일로,기타단일로,승용차,승용차,1052501.0,1688532.0,128.076681,35.1907311
2019,2019-02-16,7,주,토,1,0,0,0,0,전남,목포시,차대사람,기타,기타,안전운전 의무 불이행,교차로,교차로횡단보도내,승용차,보행자,897676.0,1645543.0,126.3814107,34.79931235
2019,2019-02-16,11,주,토,1,0,0,0,0,제주,제주시,차대사람,기타,기타,안전운전 의무 불이행,단일로,기타단일로,화물차,보행자,916474.0,1499810.0,126.6009129,33.48686914
2019,2019-02-16,13,주,토,1,0,0,0,0,경남,창원시(통합),차대사람,횡단중,횡단중,기타,교차로,교차로내,승용차,보행자,1097128.0,1690643.0,128.5670632,35.20643715
2019,2019-02-16,15,주,토,1,4,0,4,0,경북,경산시,차대차,정면충돌,정면충돌,신호위반,교차로,교차로내,화물차,승용차,1111361.0,1761255.0,128.7330993,35.84149601
2019,2019-02-16,18,야,토,1,0,0,0,0,충북,제천시,차량단독,공작물충돌,공작물충돌,안전운전 의무 불이행,단일로,기타단일로,승용차,없음,1068329.0,1910843.0,128.269901,37.19388026
2019,2019-02-16,19,야,토,1,0,0,0,0,전북,익산시,차량단독,기타,기타,안전운전 의무 불이행,단일로,기타단일로,개인형이동수단(PM),없음,951016.0,1773169.0,126.9568218,35.95401162
2019,2019-02-16,19,야,토,1,0,0,0,0,경남,사천시,차대사람,횡단중,횡단중,안전운전 의무 불이행,단일로,기타단일로,승용차,보행자,1051242.0,1668912.0,128.0616378,35.01388549
2019,2019-02-17,0,야,일,1,0,0,0,0,대구,북구,차대사람,횡단중,횡단중,안전운전 의무 불이행,단일로,기타단일로,승용차,보행자,1095929.0,1772707.0,128.5636295,35.94636245
2019,2019-02-17,1,야,일,1,2,1,1,0,부산,해운대구,차대차,기타,기타,중앙선 침범,교차로,교차로부근,승용차,승용차,1152211.0,1687780.0,129.171497,35.17378846
2019,2019-02-17,19,야,일,1,0,0,0,0,경기,양주시,차량단독,공작물충돌,공작물충돌,신호위반,교차로,교차로부근,승용차,없음,964347.0,1980854.0,127.0948692,37.82673972
2019,2019-02-17,20,야,일,1,2,2,0,0,경북,성주군,차대차,정면충돌,정면충돌,중앙선 침범,단일로,기타단일로,승용차,승용차,1069823.0,1770425.0,128.2740023,35.9280057
2019,2019-02-17,23,야,일,1,0,0,0,0,경기,안양시,차대사람,기타,기타,안전운전 의무 불이행,교차로,교차로내,승용차,보행자,949304.0,1931839.0,126.9273367,37.38425303
2019,2019-02-18,1,야,월,1,0,0,0,0,경북,경주시,차량단독,공작물충돌,공작물충돌,안전운전 의무 불이행,단일로,기타단일로,승용차,없음,1160085.0,1773470.0,129.274879,35.94482942
2019,2019-02-18,5,야,월,1,0,0,0,0,경기,수원시,차대사람,횡단중,횡단중,안전운전 의무 불이행,단일로,기타단일로,승용차,보행자,961884.0,1917101.0,127.0701936,37.25201202
2019,2019-02-18,5,야,월,1,0,0,0,0,경남,양산시,차대차,기타,기타,기타,단일로,기타단일로,승용차,승용차,1150514.0,1711722.0,129.1572606,35.38983934
2019,2019-02-18,7,주,월,1,1,0,1,0,경기,부천시,차대차,정면충돌,정면충돌,신호위반,교차로,교차로내,이륜차,승용차,934874.0,1945305.0,126.7631567,37.50472055
2019,2019-02-18,9,주,월,1,0,0,0,0,강원,횡성군,차대사람,기타,기타,안전운전 의무 불이행,단일로,기타단일로,화물차,보행자,1042457.0,1942203.0,127.9801949,37.47808253