발생년,발생년월일,발생시간,주야,요일,사망자수,부상자수,중상자수,경상자수,부상신고자수,발생지시도,발생지시군구,사고유형_대분류,사고유형_중분류,사고유형,가해자법규위반,도로형태_대분류,도로형태,가해자_당사자종별,피해자_당사자종별,발생위치X_UTMK,발생위치Y_UTMK,경도,위도
2019,2019-02-18,10,주,월,1,1,0,1,0,충남,금산군,차대차,측면충돌,측면충돌,기타,교차로,교차로내,화물차,이륜차,997148.0,1791986.0,127.4683059,36.12488847
2019,2019-02-18,17,주,월,1,0,0,0,0,경기,여주시,차량단독,전도,전도,안전운전 의무 불이행,단일로,기타단일로,화물차,없음,1015961.0,1915236.0,127.6799425,37.23584418
2019,2019-02-18,17,주,월,1,0,0,0,0,전북,장수군,차량단독,전도,전도,안전운전 의무 불이행,단일로,기타단일로,사륜오토바이(ATV),없음,1004540.3,1730027.7,127.5501034,35.56625529
2019,2019-02-18,17,주,월,1,0,0,0,0,경남,함양군,차량단독,도로이탈,도로이탈 추락,안전운전 의무 불이행,단일로,기타단일로,농기계,없음,1013407.0,1725689.0,127.6478778,35.52705462
2019,2019-02-19,2,야,화,1,0,0,0,0,서울,영등포구,차량단독,기타,기타,안전운전 의무 불이행,기타,기타,승용차,없음,945626.0,1946803.0,126.8846882,37.51891839
2019,2019-02-19,6,주,화,1,1,1,0,0,경기,시흥시,차량단독,공작물충돌,공작물충돌,안전운전 의무 불이행,단일로,교량위,승용차,없음,939780.0,1937488.0,126.8192993,37.43459854
2019,2019-02-19,10,주,화,1,1,1,0,0,경남,사천시,차대차,정면충돌,정면충돌,중앙선 침범,교차로,교차로부근,승용차,승용차,1052791.0,1675380.0,128.0790262,35.07212715
2019,2019-02-19,11,주,화,1,0,0,0,0,충남,홍성군,차량단독,공작물충돌,공작물충돌,안전운전 의무 불이행,단일로,기타단일로,승용차,없음,927524.0,1851256.0,126.6890852,36.65647211
2019,2019-02-20,16,주,수,1,0,0,0,0,전북,익산시,차대차,측면충돌,측면충돌,과속,교차로,교차로내,승용차,자전거,950695.0,1773823.0,126.9532217,35.95989166
2019,2019-02-20,17,주,수,1,1,1,0,0,충남,태안군,차대차,정면충돌,정면충돌,중앙선 침범,단일로,기타단일로,화물차,화물차,888153.0,1870772.0,126.245793,36.82855017
2019,2019-02-20,18,야,수,1,0,0,0,0,경기,용인시,차대사람,횡단중,횡단중,보행자 보호의무 위반,교차로,교차로부근,승용차,보행자,976111.0,1913058.0,127.2307486,37.21604218
2019,2019-02-20,22,야,수,1,0,0,0,0,경기,오산시,차대사람,기타,기타,안전운전 의무 불이행,단일로,기타단일로,승용차,보행자,961690.0,1906013.0,127.0685753,37.15205833
2019,2019-02-20,22,야,수,1,0,0,0,0,경기,안산시,차대사람,횡단중,횡단중,안전운전 의무 불이행,단일로,기타단일로,승용차,보행자,943940.0,1923443.0,126.8673833,37.30826801
2019,2019-02-21,9,주,목,1,0,0,0,0,경북,군위군,차대사람,횡단중,횡단중,안전운전 의무 불이행,단일로,기타단일로,화물차,보행자,1104725.0,1789902.0,128.6634161,36.10045526
2019,2019-02-21,11,주,목,1,0,0,0,0,충남,논산시,차량단독,공작물충돌,공작물충돌,안전운전 의무 불이행,단일로,기타단일로,승용차,없음,979467.0,1802443.0,127.2715456,36.21895161
2019,2019-02-21,11,주,목,1,0,0,0,0,광주,동구,차대사람,기타,기타,안전운전 의무 불이행,단일로,기타단일로,승용차,보행자,948491.0,1681684.0,126.9346422,35.1290357
2019,2019-02-21,16,주,목,1,0,0,0,0,경북,상주시,차대차,측면충돌,측면충돌,안전운전 의무 불이행,단일로,기타단일로,승용차,자전거,1060041.0,1840866.0,128.1709805,36.56367844
2019,2019-02-21,17,주,목,1,2,2,0,0,강원,춘천시,차대차,정면충돌,정면충돌,중앙선 침범,단일로,기타단일로,승용차,승용차,1022589.0,1981790.0,127.7567135,37.83559301
2019,2019-02-21,19,야,목,1,0,0,0,0,경북,포항시,차대차,측면충돌,측면충돌,안전운전 의무 불이행,교차로,교차로내,승용차,이륜차,1164698.0,1784789.0,129.3283541,36.04606189
2019,2019-02-21,19,야,목,1,2,0,0,2,경기,포천시,차대차,추돌,추돌,안전운전 의무 불이행,단일로,기타단일로,승용차,사륜오토바이(ATV),985835.0,1997683.0,127.3387085,37.97900649
2019,2019-02-21,20,야,목,1,0,0,0,0,경기,수원시,차대차,기타,기타,안전거리 미확보,단일로,지하차도(도로)내,승용차,승용차,961513.0,1919518.0,127.0658852,37.27378305
2019,2019-02-22,0,야,금,1,0,0,0,0,경기,성남시,차대사람,횡단중,횡단중,안전운전 의무 불이행,단일로,기타단일로,승합차,보행자,967609.0,1938091.0,127.1338313,37.44142667
2019,2019-02-22,1,야,금,1,0,0,0,0,대전,서구,차대사람,횡단중,횡단중,보행자 보호의무 위반,교차로,교차로내,화물차,보행자,986028.0,1811111.0,127.3443894,36.29721524
2019,2019-02-22,6,주,금,1,0,0,0,0,충남,서천군,차대사람,횡단중,횡단중,안전운전 의무 불이행,단일로,기타단일로,화물차,보행자,927317.0,1779345.0,126.6934793,36.00821179
2019,2019-02-22,6,주,금,1,1,0,1,0,전남,광양시,차대차,추돌,추돌,안전운전 의무 불이행,단일로,기타단일로,승용차,특수차,1008738.0,1660799.0,127.5956897,34.9419885
2019,2019-02-22,7,주,금,1,1,0,1,0,제주,제주시,차대차,기타,기타,신호위반,교차로,교차로내,화물차,승용차,908253.0,1497024.0,126.5127167,33.46107048
2019,2019-02-22,8,주,금,1,0,0,0,0,울산,울주군,차대사람,기타,기타,안전운전 의무 불이행,단일로,기타단일로,승용차,보행자,1165579.0,1716370.0,129.3240087,35.42933941
2019,2019-02-22,10,주,금,1,0,0,0,0,경북,상주시,차대사람,차도통행중,차도통행중,안전운전 의무 불이행,교차로,교차로내,화물차,보행자,1040210.0,1827462.0,127.9486716,36.4438839
2019,2019-02-22,21,야,금,1,0,0,0,0,경기,하남시,차대차,정면충돌,정면충돌,신호위반,교차로,교차로내,이륜차,승합차,972415.0,1951238.0,127.1876674,37.56008339
2019,2019-02-23,6,주,토,1,1,0,1,0,전북,완주군,차대차,추돌,추돌,안전운전 의무 불이행,단일로,기타단일로,화물차,특수차,968495.0,1770852.0,127.1507323,35.93384256
2019,2019-02-23,6,주,토,1,0,0,0,0,경남,하동군,차대사람,횡단중,횡단중,안전운전 의무 불이행,단일로,기타단일로,승용차,보행자,1026233.0,1661228.0,127.7872891,34.94555499
2019,2019-02-23,8,주,토,1,0,0,0,0,충북,제천시,차대사람,횡단중,횡단중,보행자 보호의무 위반,단일로,지하차도(도로)내,화물차,보행자,1052890.0,1880698.0,128.0938295,36.92316043
2019,2019-02-23,12,주,토,1,1,1,0,0,경기,양주시,차대사람,기타,기타,안전운전 의무 불이행,교차로,교차로부근,승용차,보행자,956951.0,1977085.0,127.0110539,37.79245119
2019,2019-02-23,14,주,토,1,4,1,3,0,강원,춘천시,차대차,정면충돌,정면충돌,중앙선 침범,단일로,터널안,승용차,승용차,1031192.0,2003855.0,127.8554374,38.03420735
2019,2019-02-23,18,야,토,1,3,2,1,0,광주,북구,차대차,측면충돌,측면충돌,안전운전 의무 불이행,교차로,교차로내,승용차,화물차,945545.0,1691209.0,126.9016799,35.21476456
2019,2019-02-23,19,야,토,1,0,0,0,0,강원,춘천시,차대사람,횡단중,횡단중,안전운전 의무 불이행,단일로,교량위,화물차,보행자,1013217.0,1997712.0,127.6504975,37.97928217
2019,2019-02-23,19,야,토,1,0,0,0,0,전북,김제시,차대사람,길가장자리구역통행중,길가장자리구역통행중,안전운전 의무 불이행,단일로,기타단일로,화물차,보행자,942410.0,1756177.0,126.8626241,35.80034926
2019,2019-02-23,20,야,토,1,3,2,1,0,전남,신안군,차대사람,기타,기타,안전운전 의무 불이행,단일로,기타단일로,화물차,보행자,867040.0,1655493.0,126.0450095,34.88547088
2019,2019-02-24,1,야,일,1,0,0,0,0,부산,영도구,차대사람,횡단중,횡단중,안전운전 의무 불이행,단일로,기타단일로,승용차,보행자,1140319.0,1678470.0,129.0393688,35.09159987
2019,2019-02-24,6,주,일,1,0,0,0,0,서울,구로구,차량단독,공작물충돌,공작물충돌,기타,단일로,기타단일로,승용차,없음,941822.0,1945176.0,126.8417724,37.50402205
2019,2019-02-24,20,야,일,1,1,1,0,0,경남,진주시,차대차,추돌,추돌,안전운전 의무 불이행,단일로,기타단일로,화물차,화물차,1057048.0,1681812.0,128.1261591,35.12989101
2019,2019-02-25,6,주,월,1,0,0,0,0,서울,성북구,차대차,측면충돌,측면충돌,안전운전 의무 불이행,교차로,교차로내,건설기계,자전거,960330.0,1957666.0,127.0504893,37.61757933
2019,2019-02-25,6,주,월,1,0,0,0,0,충남,청양군,차대사람,차도통행중,차도통행중,안전운전 의무 불이행,단일로,기타단일로,화물차,보행자,943190.0,1818093.0,126.8667965,36.35858454
2019,2019-02-25,6,주,월,1,0,0,0,0,전남,목포시,차대사람,기타,기타,안전운전 의무 불이행,단일로,기타단일로,화물차,보행자,898739.0,1645678.0,126.393013,34.80063576
2019,2019-02-25,11,주,월,1,0,0,0,0,경기,파주시,차대사람,기타,기타,안전운전 의무 불이행,단일로,기타단일로,화물차,보행자,936774.0,1973124.0,126.7822447,37.75557867
2019,2019-02-25,12,주,월,1,0,0,0,0,전남,완도군,차량단독,도로이탈,도로이탈 추락,안전운전 의무 불이행,교차로,교차로부근,이륜차,없음,921394.7,1599209.6,126.6449613,34.38362941
2019,2019-02-25,12,주,월,1,2,2,0,0,경기,남양주시,차대차,측면충돌,측면충돌,안전운전 의무 불이행,단일로,기타단일로,승합차,화물차,977631.0,1960799.0,127.2464329,37.64640216
2019,2019-02-25,14,주,월,1,0,0,0,0,충남,보령시,차량단독,공작물충돌,공작물충돌,안전운전 의무 불이행,교차로,교차로부근,화물차,없음,923865.0,1826039.0,126.6506399,36.4288771
2019,2019-02-25,14,주,월,1,0,0,0,0,전남,순천시,차대차,측면충돌,측면충돌,안전운전 의무 불이행,단일로,기타단일로,건설기계,이륜차,998721.0,1665174.0,127.485987,34.98147693
2019,2019-02-25,14,주,월,1,0,0,0,0,경남,창원시(통합),차대사람,횡단중,횡단중,과속,단일로,기타단일로,이륜차,보행자,1101585.0,1696558.0,128.616751,35.25932172
2019,2019-02-25,18,야,월,1,0,0,0,0,강원,양양군,차대사람,횡단중,횡단중,안전운전 의무 불이행,교차로,교차로부근,승용차,보행자,1111288.0,1996224.0,128.7668278,37.9591459
2019,2019-02-25,18,야,월,1,0,0,0,0,경북,상주시,차대차,추돌,추돌,안전운전 의무 불이행,단일로,교량위,화물차,농기계,1066810.0,1823919.0,128.2451565,36.41046097
2019,2019-02-25,19,야,월,1,0,0,0,0,경북,구미시,차대사람,횡단중,횡단중,안전운전 의무 불이행,교차로,교차로부근,승용차,보행자,1076258.0,1791677.0,128.3473779,36.11910977
2019,2019-02-25,21,야,월,1,1,0,1,0,강원,양양군,차대차,추돌,추돌,안전운전 의무 불이행,단일로,지하차도(도로)내,화물차,승합차,1097848.0,2015859.0,128.6165488,38.13762699
2019,2019-02-26,0,야,화,1,1,1,0,0,부산,영도구,차대사람,차도통행중,차도통행중,신호위반,교차로,교차로내,승용차,보행자,1142739.0,1676795.0,129.06562,35.07616161
2019,2019-02-26,1,야,화,1,2,0,2,0,대구,북구,차대차,측면충돌,측면충돌,안전운전 의무 불이행,단일로,터널안,승용차,화물차,1098670.0,1769179.0,128.5935778,35.9142865
2019,2019-02-26,5,야,화,1,0,0,0,0,경기,가평군,차량단독,공작물충돌,공작물충돌,안전운전 의무 불이행,단일로,기타단일로,승용차,없음,999264.0,1958758.0,127.491659,37.62827791
2019,2019-02-26,6,주,화,1,0,0,0,0,경북,경주시,차량단독,공작물충돌,공작물충돌,안전운전 의무 불이행,교차로,교차로부근,승용차,없음,1153386.0,1763609.0,129.1987359,35.85703612
2019,2019-02-26,17,주,화,1,5,4,1,0,경북,안동시,차대차,기타,기타,안전운전 의무 불이행,교차로,교차로내,승용차,승용차,1106030.0,1841475.0,128.6849307,36.5651679
2019,2019-02-26,18,야,화,1,0,0,0,0,광주,광산구,차대차,측면충돌,측면충돌,신호위반,단일로,기타단일로,승용차,이륜차,937853.0,1686753.0,126.8175057,35.17413984
2019,2019-02-26,19,야,화,1,0,0,0,0,인천,연수구,차대사람,차도통행중,차도통행중,안전운전 의무 불이행,교차로,교차로내,승용차,보행자,928916.5,1936340.6,126.6966237,37.42348625
2019,2019-02-26,22,야,화,1,0,0,0,0,경기,부천시,차대차,측면충돌,측면충돌,안전운전 의무 불이행,교차로,교차로내,승합차,자전거,935231.9,1947026.4,126.767054,37.52026056
2019,2019-02-27,0,야,수,1,1,0,1,0,경남,밀양시,차대차,측면충돌,측면충돌,중앙선 침범,교차로,교차로내,농기계,승용차,1121036.0,1711989.0,128.8328154,35.39626254
2019,2019-02-27,0,야,수,1,0,0,0,0,경기,양주시,차량단독,전도,전도,안전운전 의무 불이행,단일로,기타단일로,승용차,없음,962737.0,1975928.0,127.0768283,37.78227757
2019,2019-02-27,1,야,수,1,0,0,0,0,경기,성남시,차대차,추돌,추돌,안전운전 의무 불이행,교차로,교차로부근,화물차,화물차,966006.0,1932000.0,127.1159907,37.38646733
2019,2019-02-27,1,야,수,1,1,1,0,0,경북,칠곡군,차대차,추돌,추돌,안전운전 의무 불이행,교차로,교차로부근,화물차,화물차,1095173.0,1776608.0,128.5557165,35.98160186
2019,2019-02-27,1,야,수,1,0,0,0,0,대구,동구,차대차,기타,기타,안전운전 의무 불이행,단일로,기타단일로,화물차,승용차,1107520.0,1766319.0,128.6912593,35.88757276
2019,2019-02-27,5,야,수,1,0,0,0,0,울산,북구,차대차,추돌,추돌,과속,단일로,기타단일로,화물차,자전거,1168725.0,1731035.0,129.3616962,35.56097109
2019,2019-02-27,6,주,수,1,0,0,0,0,전북,익산시,차대사람,기타,기타,안전운전 의무 불이행,단일로,기타단일로,승용차,보행자,948982.0,1772876.0,126.9342868,35.95126587
2019,2019-02-27,13,주,수,1,0,0,0,0,경북,봉화군,차대차,기타,기타,안전운전 의무 불이행,단일로,기타단일로,화물차,이륜차,1112271.0,1874982.0,128.7595829,36.86644246
2019,2019-02-27,14,주,수,1,0,0,0,0,전남,함평군,차량단독,공작물충돌,공작물충돌,안전운전 의무 불이행,교차로,교차로부근,승용차,없음,915947.0,1671456.0,126.5785132,35.0346261
2019,2019-02-27,14,주,수,1,0,0,0,0,대구,중구,차대차,측면충돌,측면충돌,안전운전 의무 불이행,단일로,기타단일로,승합차,자전거,1097692.0,1764702.0,128.5821908,35.87402686
2019,2019-02-27,15,주,수,1,2,0,2,0,서울,송파구,차대차,측면충돌,측면충돌,중앙선 침범,단일로,기타단일로,이륜차,승용차,968450.0,1942527.0,127.1431484,37.48143985
2019,2019-02-27,16,주,수,1,0,0,0,0,충북,괴산군,차대사람,횡단중,횡단중,중앙선 침범,단일로,기타단일로,화물차,보행자,1021106.0,1851416.0,127.7361637,36.66044084
2019,2019-02-27,23,야,수,1,2,1,1,0,전북,전주시,차대차,측면충돌,측면충돌,신호위반,교차로,교차로내,승용차,화물차,966982.0,1764112.0,127.134239,35.87302539
2019,2019-02-28,1,야,목,1,0,0,0,0,경기,고양시,차대사람,횡단중,횡단중,과속,교차로,교차로내,승용차,보행자,942146.0,1969715.0,126.8434963,37.72520997
2019,2019-02-28,5,야,목,1,0,0,0,0,충남,서산시,차대사람,길가장자리구역통행중,길가장자리구역통행중,안전운전 의무 불이행,단일로,기타단일로,화물차,보행자,909766.3,1865643.9,126.4887255,36.78463847
2019,2019-02-28,6,주,목,1,0,0,0,0,전북,김제시,차대차,기타,기타,안전운전 의무 불이행,단일로,기타단일로,화물차,건설기계,945941.0,1759154.0,126.9015,35.82738991
2019,2019-02-28,7,주,목,1,0,0,0,0,전북,군산시,차량단독,공작물충돌,공작물충돌,안전운전 의무 불이행,교차로,교차로내,승용차,없음,929631.0,1773920.0,126.719636,35.95947461
2019,2019-02-28,8,주,목,1,0,0,0,0,부산,남구,차대차,측면충돌,측면충돌,안전운전 의무 불이행,교차로,교차로내,화물차,자전거,1142954.0,1682149.0,129.068902,35.12439159
2019,2019-02-28,14,주,목,1,1,1,0,0,충남,공주시,차대차,추돌,추돌,안전운전 의무 불이행,단일로,기타단일로,화물차,화물차,968795.0,1827330.0,127.1518115,36.44302926
2019,2019-02-28,19,야,목,1,0,0,0,0,전북,임실군,차대사람,횡단중,횡단중,중앙선 침범,단일로,기타단일로,화물차,보행자,971149.5,1741274.8,127.1812271,35.66725346
2019,2019-02-28,19,야,목,1,0,0,0,0,대구,북구,차대차,측면충돌,측면충돌,안전운전 의무 불이행,교차로,교차로내,건설기계,자전거,1095068.0,1766721.0,128.5533687,35.89248565
2019,2019-03-01,0,야,금,1,0,0,0,0,서울,영등포구,차대사람,기타,기타,안전운전 의무 불이행,단일로,기타단일로,화물차,보행자,945654.0,1950281.0,126.8847476,37.55026757
2019,2019-03-01,3,야,금,1,0,0,0,0,경기,시흥시,차대사람,차도통행중,차도통행중,안전운전 의무 불이행,교차로,교차로내,승용차,보행자,937278.0,1936583.0,126.7910966,37.42627545
2019,2019-03-01,10,주,금,1,6,2,4,0,충남,천안시,차대차,측면충돌,측면충돌,안전운전 의무 불이행,단일로,기타단일로,승용차,승용차,968911.0,1853109.0,127.1520653,36.67542899
2019,2019-03-01,16,주,금,1,0,0,0,0,경북,경주시,차량단독,전도,전도,안전운전 의무 불이행,단일로,기타단일로,농기계,없음,1174370.0,1765090.0,129.4313443,35.86687176
2019,2019-03-01,21,야,금,1,0,0,0,0,충남,당진시,차대사람,기타,기타,안전운전 의무 불이행,단일로,기타단일로,승용차,보행자,928332.0,1868209.0,126.6965341,36.80934679
2019,2019-03-02,12,주,토,1,0,0,0,0,전남,담양군,차량단독,기타,기타,안전운전 의무 불이행,단일로,기타단일로,승용차,없음,956459.0,1700028.0,127.0211249,35.29481647
2019,2019-03-02,14,주,토,1,1,1,0,0,경기,고양시,차대사람,횡단중,횡단중,안전운전 의무 불이행,교차로,교차로횡단보도내,건설기계,보행자,944683.0,1959801.0,126.873036,37.63601339
2019,2019-03-02,18,야,토,1,0,0,0,0,충남,보령시,차량단독,도로이탈,도로이탈 추락,안전운전 의무 불이행,단일로,기타단일로,화물차,없음,920225.0,1823441.0,126.6103037,36.40516238
2019,2019-03-02,20,야,토,1,0,0,0,0,경남,밀양시,차대사람,횡단중,횡단중,안전운전 의무 불이행,교차로,교차로부근,승합차,보행자,1114481.0,1719940.0,128.7617674,35.46871243
2019,2019-03-03,1,야,일,1,0,0,0,0,서울,종로구,차대차,기타,기타,안전운전 의무 불이행,교차로,교차로부근,승용차,이륜차,955187.0,1953276.0,126.9924835,37.57777517
2019,2019-03-03,1,야,일,1,0,0,0,0,충남,보령시,차대사람,길가장자리구역통행중,길가장자리구역통행중,안전운전 의무 불이행,단일로,기타단일로,화물차,보행자,923925.0,1814905.0,126.6523991,36.32851573
2019,2019-03-03,3,야,일,1,1,0,0,1,제주,제주시,차대차,정면충돌,정면충돌,중앙선 침범,교차로,교차로부근,화물차,화물차,892256.7,1497441.3,126.3405599,33.46334346
2019,2019-03-03,9,주,일,1,0,0,0,0,전북,무주군,차량단독,기타,기타,안전운전 의무 불이행,단일로,기타단일로,농기계,없음,1013718.0,1784218.0,127.6523117,36.0547611
2019,2019-03-03,10,주,일,1,0,0,0,0,경북,경주시,차량단독,공작물충돌,공작물충돌,안전운전 의무 불이행,교차로,교차로내,화물차,없음,1181326.0,1760276.0,129.5072545,35.82223153
2019,2019-03-03,11,주,일,1,0,0,0,0,울산,울주군,차대차,측면충돌,측면충돌,교차로 통행방법 위반,교차로,교차로내,농기계,이륜차,1144757.0,1733190.0,129.0977207,35.58418769
2019,2019-03-03,14,주,일,1,0,0,0,0,경기,파주시,차량단독,기타,기타,안전운전 의무 불이행,단일로,기타단일로,이륜차,없음,929943.0,1975865.0,126.7044396,37.77978387
2019,2019-03-04,2,야,월,1,1,1,0,0,강원,춘천시,차량단독,공작물충돌,공작물충돌,안전운전 의무 불이행,교차로,교차로내,승용차,없음,1020029.0,1986727.0,127.7277574,37.88015024
2019,2019-03-04,15,주,월,1,0,0,0,0,대구,달성군,차량단독,전도,전도,안전운전 의무 불이행,단일로,기타단일로,이륜차,없음,1084918.0,1754424.0,128.4396112,35.78256224
2019,2019-03-04,16,주,월,1,0,0,0,0,경기,부천시,차대사람,횡단중,횡단중,신호위반,교차로,교차로횡단보도내,화물차,보행자,938908.0,1943099.0,126.808978,37.48511371
2019,2019-03-04,16,주,월,1,0,0,0,0,경남,합천군,차대사람,길가장자리구역통행중,길가장자리구역통행중,안전운전 의무 불이행,단일로,기타단일로,화물차,보행자,1073629.0,1738316.0,128.3132349,35.63825221
2019,2019-03-04,18,야,월,1,0,0,0,0,경북,의성군,차대사람,기타,기타,안전운전 의무 불이행,단일로,기타단일로,화물차,보행자,1095664.0,1824031.0,128.5669468,36.40902903
2019,2019-03-04,22,야,월,1,0,0,0,0,경기,시흥시,차대차,측면충돌,측면충돌,과속,단일로,기타단일로,승용차,승용차,939079.0,1938646.0,126.8112803,37.44498982
2019,2019-03-04,23,야,월,1,0,0,0,0,서울,광진구,차대사람,횡단중,횡단중,보행자 보호의무 위반,교차로,교차로횡단보도내,화물차,보행자,961464.0,1949282.0,127.0637797,37.54206021
2019,2019-03-05,1,야,화,1,0,0,0,0,부산,사상구,차대사람,횡단중,횡단중,안전운전 의무 불이행,단일로,기타단일로,승용차,보행자,1134167.0,1685285.0,128.9730043,35.1538701
2019,2019-03-05,5,야,화,1,1,0,1,0,전북,정읍시,차대차,기타,기타,안전운전 의무 불이행,단일로,기타단일로,화물차,화물차,939326.0,1731146.0,126.8303827,35.57448911
2019,2019-03-05,8,주,화,1,0,0,0,0,강원,삼척시,차대사람,보도통행중,보도통행중,기타,단일로,기타단일로,승용차,보행자,1146934.0,1939389.0,129.1609912,37.44202063
2019,2019-03-05,9,주,화,2,5,1,4,0,강원,철원군,차대차,측면충돌,측면충돌,중앙선 침범,단일로,기타단일로,화물차,승용차,991020.2,2018495.8,127.3974889,38.16665368
2019,2019-03-05,11,주,화,1,0,0,0,0,경북,안동시,차량단독,도로이탈,도로이탈 추락,안전운전 의무 불이행,단일로,기타단일로,화물차,없음,1131551.0,1850709.0,128.9716423,36.64520994
2019,2019-03-05,11,주,화,1,0,0,0,0,경북,의성군,차대사람,횡단중,횡단중,보행자 보호의무 위반,교차로,교차로횡단보도내,화물차,보행자,1092409.0,1832167.0,128.5316195,36.48268417
2019,2019-03-05,11,주,화,1,0,0,0,0,대구,북구,차대차,측면충돌,측면충돌,과속,단일로,기타단일로,화물차,자전거,1095591.0,1772682.0,128.5598794,35.94617024
2019,2019-03-05,14,주,화,1,0,0,0,0,강원,원주시,차대사람,차도통행중,차도통행중,안전운전 의무 불이행,교차로,교차로내,승용차,보행자,1039786.0,1925980.0,127.9491128,37.33197488
2019,2019-03-05,19,야,화,1,3,0,3,0,전북,부안군,차대차,추돌,추돌,과속,단일로,기타단일로,승용차,농기계,926796.0,1744644.0,126.6908834,35.69533417
2019,2019-03-06,0,야,수,1,0,0,0,0,인천,옹진군,차대사람,횡단중,횡단중,과속,기타,기타,화물차,보행자,909138.0,1917656.0,126.4754091,37.25336161
2019,2019-03-06,1,야,수,1,0,0,0,0,경북,구미시,차량단독,공작물충돌,공작물충돌,안전운전 의무 불이행,단일로,기타단일로,승용차,없음,1068172.0,1806267.0,128.2588015,36.25123861
2019,2019-03-06,1,야,수,1,0,0,0,0,인천,서구,차량단독,공작물충돌,공작물충돌,안전운전 의무 불이행,단일로,기타단일로,이륜차,없음,928271.0,1942671.0,126.688713,37.4804913
2019,2019-03-06,4,야,수,1,1,0,1,0,강원,원주시,차량단독,공작물충돌,공작물충돌,안전운전 의무 불이행,단일로,기타단일로,이륜차,없음,1039895.0,1927795.0,127.9504408,37.34832994
2019,2019-03-06,10,주,수,1,0,0,0,0,강원,평창군,차량단독,전도,전도,안전운전 의무 불이행,단일로,기타단일로,농기계,없음,1083603.0,1950099.0,128.4464167,37.54643709
2019,2019-03-06,10,주,수,1,0,0,0,0,충남,예산군,차대차,측면충돌,측면충돌,안전운전 의무 불이행,교차로,교차로부근,이륜차,승용차,931147.0,1854607.0,126.7293174,36.68694747
2019,2019-03-06,14,주,수,1,0,0,0,0,경북,군위군,차량단독,도로이탈,도로이탈 추락,안전운전 의무 불이행,단일로,기타단일로,이륜차,없음,1106217.0,1796413.0,128.6808669,36.15898223
2019,2019-03-06,16,주,수,1,1,1,0,0,울산,울주군,차대차,추돌,추돌,안전거리 미확보,단일로,기타단일로,승용차,특수차,1144820.0,1724104.0,129.0967912,35.50228531
2019,2019-03-06,18,야,수,1,0,0,0,0,서울,관악구,차대사람,기타,기타,안전운전 의무 불이행,교차로,교차로내,화물차,보행자,950651.0,1942653.0,126.9418285,37.481796
2019,2019-03-06,19,야,수,1,0,0,0,0,경북,칠곡군,차대사람,기타,기타,안전운전 의무 불이행,단일로,기타단일로,승용차,보행자,1078101.0,1782498.0,128.3669464,36.0362164
2019,2019-03-07,5,야,목,1,0,0,0,0,경기,안산시,차대사람,횡단중,횡단중,안전운전 의무 불이행,단일로,기타단일로,승용차,보행자,944697.0,1929363.0,126.8754837,37.36167259
2019,2019-03-07,9,주,목,1,1,1,0,0,전남,화순군,차대사람,횡단중,횡단중,안전운전 의무 불이행,단일로,기타단일로,승용차,보행자,953162.3,1664649.4,126.9868737,34.97566303
2019,2019-03-07,9,주,목,1,0,0,0,0,경남,함안군,차대차,기타,기타,안전운전 의무 불이행,단일로,기타단일로,화물차,이륜차,1077177.0,1703680.0,128.3491281,35.32571262
2019,2019-03-07,11,주,목,1,0,0,0,0,경남,하동군,차량단독,도로이탈,도로이탈 추락,안전운전 의무 불이행,단일로,기타단일로,화물차,없음,1034113.0,1669632.0,127.8739294,35.02110143
2019,2019-03-07,12,주,목,1,1,1,0,0,강원,철원군,차대사람,횡단중,횡단중,보행자 보호의무 위반,단일로,기타단일로,화물차,보행자,975318.2,2023114.5,127.2180797,38.20798648
2019,2019-03-07,13,주,목,1,0,0,0,0,경남,양산시,차대사람,횡단중,횡단중,안전운전 의무 불이행,교차로,교차로내,화물차,보행자,1150013.0,1713545.0,129.1520815,35.40634574
2019,2019-03-07,14,주,목,1,0,0,0,0,부산,해운대구,차대사람,기타,기타,안전운전 의무 불이행,교차로,교차로부근,승용차,보행자,1152707.0,1686539.0,129.176712,35.16252765
2019,2019-03-07,17,주,목,1,0,0,0,0,경기,양주시,차대차,측면충돌,측면충돌,신호위반,교차로,교차로내,이륜차,화물차,955310.0,1977174.0,126.9924107,37.79317452
2019,2019-03-07,18,야,목,1,1,0,1,0,경북,성주군,차량단독,도로이탈,도로이탈 추락,안전운전 의무 불이행,기타,기타,승용차,없음,1061170.0,1770487.0,128.1780932,35.92914472