발생년,발생년월일,발생시간,주야,요일,사망자수,부상자수,중상자수,경상자수,부상신고자수,발생지시도,발생지시군구,사고유형_대분류,사고유형_중분류,사고유형,가해자법규위반,도로형태_대분류,도로형태,가해자_당사자종별,피해자_당사자종별,발생위치X_UTMK,발생위치Y_UTMK,경도,위도
2019,2019-03-23,19,야,토,1,0,0,0,0,전남,화순군,차대사람,보도통행중,보도통행중,안전운전 의무 불이행,단일로,기타단일로,이륜차,보행자,953715.0,1674303.0,126.9923909,35.06273554
2019,2019-03-23,20,야,토,1,0,0,0,0,대구,동구,차대차,측면충돌,측면충돌,신호위반,교차로,교차로내,승용차,이륜차,1105483.0,1765085.0,128.6685314,35.87667089
2019,2019-03-24,13,주,일,1,0,0,0,0,대구,달서구,차대차,측면충돌,측면충돌,안전운전 의무 불이행,단일로,고가도로위,이륜차,승용차,1094823.0,1757903.0,128.5496062,35.81301827
2019,2019-03-25,5,야,월,1,0,0,0,0,충북,청주시,차대사람,횡단중,횡단중,안전운전 의무 불이행,단일로,기타단일로,특수차,보행자,997728.0,1848605.0,127.4745859,36.6353312
2019,2019-03-25,9,주,월,1,0,0,0,0,충남,홍성군,차대사람,기타,기타,안전운전 의무 불이행,기타,기타,승용차,보행자,907295.0,1844430.0,126.4636023,36.59319001
2019,2019-03-25,15,주,월,1,1,1,0,0,경남,남해군,차대차,정면충돌,정면충돌,중앙선 침범,단일로,기타단일로,화물차,건설기계,1047493.0,1648478.0,128.0193862,34.82981151
2019,2019-03-25,17,주,월,1,1,0,1,0,경남,합천군,차대차,추돌,추돌,안전운전 의무 불이행,단일로,터널안,승용차,화물차,1056249.0,1747831.0,128.1219493,35.72518142
2019,2019-03-25,19,야,월,1,5,1,4,0,대구,달성군,차대차,기타,기타,안전운전 의무 불이행,교차로,교차로부근,승용차,승용차,1085660.0,1743231.0,128.4466255,35.68159167
2019,2019-03-25,20,야,월,1,0,0,0,0,제주,제주시,차대차,추돌,추돌,안전운전 의무 불이행,단일로,기타단일로,승용차,승용차,877457.9,1480690.5,126.1836214,33.31070285
2019,2019-03-25,21,야,월,1,1,1,0,0,전남,광양시,차대사람,횡단중,횡단중,과속,단일로,기타단일로,승용차,보행자,1018087.4,1660383.4,127.6980654,34.93811705
2019,2019-03-25,22,야,월,1,0,0,0,0,서울,동대문구,차대사람,횡단중,횡단중,안전운전 의무 불이행,단일로,기타단일로,승용차,보행자,960482.0,1952060.0,127.0525143,37.5670576
2019,2019-03-26,5,야,화,1,0,0,0,0,강원,홍천군,차대차,추돌,추돌,안전운전 의무 불이행,단일로,기타단일로,화물차,자전거,1064770.0,1966473.0,128.2346895,37.69552797
2019,2019-03-26,7,주,화,1,0,0,0,0,전남,화순군,차대사람,기타,기타,안전운전 의무 불이행,단일로,기타단일로,승용차,보행자,948793.0,1667354.0,126.9388418,34.99983878
2019,2019-03-26,9,주,화,1,0,0,0,0,경북,경산시,차대차,정면충돌,정면충돌,안전운전 의무 불이행,교차로,교차로내,화물차,이륜차,1118321.2,1758436.4,128.8097344,35.81527414
2019,2019-03-26,13,주,화,1,1,0,1,0,전북,군산시,차대차,기타,기타,중앙선 침범,단일로,기타단일로,이륜차,승용차,938316.9,1772283.7,126.8160797,35.94531042
2019,2019-03-26,14,주,화,1,0,0,0,0,세종,세종시,차대차,측면충돌,측면충돌,교차로 통행방법 위반,교차로,교차로내,이륜차,화물차,979978.0,1841678.0,127.2762194,36.57267676
2019,2019-03-26,19,야,화,1,1,0,1,0,서울,종로구,차대사람,횡단중,횡단중,안전운전 의무 불이행,단일로,기타단일로,이륜차,보행자,956930.4,1952620.8,127.0122657,37.57195294
2019,2019-03-26,19,야,화,1,0,0,0,0,경북,영주시,차대차,측면충돌,측면충돌,신호위반,교차로,교차로내,이륜차,화물차,1099380.0,1869094.0,128.6142133,36.81481878
2019,2019-03-26,19,야,화,1,0,0,0,0,경북,청송군,차대사람,횡단중,횡단중,중앙선 침범,단일로,기타단일로,승용차,보행자,1143553.0,1821684.0,129.1004652,36.38191325
2019,2019-03-26,19,야,화,1,0,0,0,0,경남,남해군,차대사람,횡단중,횡단중,보행자 보호의무 위반,단일로,기타단일로,승용차,보행자,1038898.0,1647032.0,127.9253263,34.81713724
2019,2019-03-26,20,야,화,1,0,0,0,0,경기,여주시,차량단독,전도,전도,안전운전 의무 불이행,단일로,기타단일로,이륜차,없음,1008348.0,1916593.0,127.5941298,37.24817555
2019,2019-03-27,3,야,수,1,1,0,1,0,충북,청주시,차대차,추돌,추돌,안전운전 의무 불이행,교차로,교차로부근,승용차,화물차,998794.0,1851773.0,127.486505,36.66389254
2019,2019-03-27,15,주,수,1,0,0,0,0,서울,강남구,차대사람,기타,기타,안전운전 의무 불이행,단일로,기타단일로,승합차,보행자,958006.0,1947460.0,127.0247412,37.52548689
2019,2019-03-27,17,주,수,1,0,0,0,0,경남,창원시(통합),차대차,측면충돌,측면충돌,안전운전 의무 불이행,교차로,교차로내,화물차,자전거,1103568.0,1691454.0,128.637904,35.21310447
2019,2019-03-27,18,야,수,1,0,0,0,0,충남,공주시,차대차,측면충돌,측면충돌,과속,교차로,교차로내,승용차,이륜차,966278.0,1829476.0,127.1236336,36.46229037
2019,2019-03-28,0,야,목,1,0,0,0,0,경기,용인시,차대사람,보도통행중,보도통행중,안전운전 의무 불이행,단일로,기타단일로,승용차,보행자,980824.0,1914927.0,127.2838201,37.23299823
2019,2019-03-28,3,야,목,1,5,4,0,1,경남,창원시(통합),차대사람,보도통행중,보도통행중,신호위반,교차로,교차로내,승용차,보행자,1100800.0,1696380.0,128.6081009,35.25779632
2019,2019-03-28,4,야,목,1,0,0,0,0,경기,의정부시,차대사람,기타,기타,신호위반,교차로,교차로횡단보도내,승용차,보행자,961225.0,1971793.0,127.0598789,37.74494591
2019,2019-03-28,12,주,목,1,0,0,0,0,경기,안성시,차대사람,기타,기타,안전운전 의무 불이행,기타,기타,농기계,보행자,971909.0,1891744.0,127.1841879,37.02379833
2019,2019-03-28,13,주,목,1,0,0,0,0,충북,단양군,차량단독,전도,전도,안전운전 의무 불이행,단일로,기타단일로,농기계,없음,1088068.0,1898152.0,128.4907916,37.07784394
2019,2019-03-28,17,주,목,1,0,0,0,0,경남,양산시,차대사람,횡단중,횡단중,안전운전 의무 불이행,교차로,교차로내,화물차,보행자,1135090.0,1702362.0,128.9859396,35.30767963
2019,2019-03-28,19,야,목,1,0,0,0,0,충북,청주시,차대차,측면충돌,측면충돌,신호위반,교차로,교차로내,승용차,원동기장치자전거,999427.0,1846424.0,127.4935922,36.61567202
2019,2019-03-28,19,야,목,1,0,0,0,0,충남,당진시,차대차,추돌,추돌,안전운전 의무 불이행,단일로,기타단일로,화물차,농기계,917017.0,1884498.0,126.5679135,36.9552417
2019,2019-03-28,19,야,목,1,0,0,0,0,전북,익산시,차량단독,공작물충돌,공작물충돌,안전운전 의무 불이행,단일로,기타단일로,승용차,없음,951686.0,1789214.0,126.9632708,36.09869885
2019,2019-03-29,6,주,금,1,5,0,0,5,경기,성남시,차대차,측면충돌,측면충돌,신호위반,교차로,교차로내,승용차,승합차,965311.0,1929460.0,127.108259,37.36354692
2019,2019-03-29,6,주,금,1,0,0,0,0,경기,포천시,차대차,측면충돌,측면충돌,안전운전 의무 불이행,교차로,교차로내,화물차,사륜오토바이(ATV),985538.0,2000797.0,127.335264,38.00706789
2019,2019-03-29,10,주,금,1,0,0,0,0,부산,사상구,차대사람,횡단중,횡단중,안전운전 의무 불이행,교차로,교차로내,화물차,보행자,1134736.0,1685651.0,128.9793092,35.15709319
2019,2019-03-29,10,주,금,1,1,0,1,0,경북,포항시,차대차,추돌,추돌,안전운전 의무 불이행,단일로,터널안,특수차,특수차,1170338.0,1769046.0,129.3875534,35.90322966
2019,2019-03-29,11,주,금,1,0,0,0,0,대전,중구,차대사람,기타,기타,보행자 보호의무 위반,교차로,교차로횡단보도내,화물차,보행자,993742.0,1814477.0,127.4302756,36.32764225
2019,2019-03-29,16,주,금,1,5,1,2,2,경북,구미시,차대차,기타,기타,중앙선 침범,단일로,기타단일로,승용차,승용차,1073703.0,1789256.0,128.3187629,36.09748225
2019,2019-03-29,16,주,금,1,0,0,0,0,대구,중구,차대사람,기타,기타,안전운전 의무 불이행,단일로,기타단일로,승용차,보행자,1099001.5,1764790.1,128.5967054,35.87468949
2019,2019-03-29,19,야,금,1,0,0,0,0,경기,이천시,차대사람,횡단중,횡단중,과속,교차로,교차로내,승용차,보행자,997492.0,1910157.0,127.4717421,37.19019488
2019,2019-03-29,19,야,금,1,1,0,1,0,광주,북구,차대사람,기타,기타,안전운전 의무 불이행,단일로,기타단일로,승용차,보행자,942646.0,1694142.0,126.8696245,35.24104852
2019,2019-03-29,20,야,금,1,0,0,0,0,충남,금산군,차대사람,차도통행중,차도통행중,과속,단일로,기타단일로,승용차,보행자,1005203.0,1784211.0,127.5577692,36.05478083
2019,2019-03-29,20,야,금,1,0,0,0,0,전북,장수군,차량단독,도로이탈,도로이탈 추락,안전거리 미확보,단일로,기타단일로,화물차,없음,990435.0,1729330.0,127.394456,35.55992862
2019,2019-03-29,22,야,금,1,8,1,4,3,경기,용인시,차대차,기타,기타,신호위반,단일로,기타단일로,승용차,승합차,964782.0,1923934.0,127.1025477,37.3137173
2019,2019-03-29,23,야,금,1,0,0,0,0,경기,부천시,차대사람,횡단중,횡단중,안전운전 의무 불이행,단일로,기타단일로,승용차,보행자,933925.0,1943522.0,126.7525806,37.48858308
2019,2019-03-30,10,주,토,1,4,3,1,0,경북,경주시,차대차,정면충돌,정면충돌,중앙선 침범,단일로,기타단일로,승용차,승용차,1158385.0,1762291.0,129.2538148,35.84436301
2019,2019-03-30,11,주,토,1,1,1,0,0,전남,여수시,차량단독,공작물충돌,공작물충돌,안전운전 의무 불이행,단일로,기타단일로,이륜차,없음,1009003.0,1651144.9,127.5984877,34.85492956
2019,2019-03-30,14,주,토,1,3,1,2,0,제주,제주시,차대차,정면충돌,정면충돌,중앙선 침범,단일로,기타단일로,화물차,화물차,890950.3,1495159.1,126.3267813,33.44263072
2019,2019-03-30,15,주,토,1,5,0,5,0,경기,안성시,차대차,기타,기타,안전운전 의무 불이행,단일로,기타단일로,화물차,승합차,969234.0,1888451.0,127.1542492,36.99403056
2019,2019-03-30,20,야,토,1,0,0,0,0,인천,중구,차대사람,횡단중,횡단중,안전운전 의무 불이행,단일로,기타단일로,승용차,보행자,923113.0,1941425.0,126.6305098,37.46884655
2019,2019-03-31,0,야,일,1,3,3,0,0,충남,서산시,차대차,추돌,추돌,안전운전 의무 불이행,교차로,교차로내,승용차,화물차,905468.0,1869559.0,126.4400743,36.81950673
2019,2019-03-31,5,야,일,1,0,0,0,0,경기,용인시,차대사람,차도통행중,차도통행중,안전운전 의무 불이행,단일로,고가도로위,승합차,보행자,974180.0,1914948.0,127.2089193,37.23302712
2019,2019-03-31,9,주,일,1,0,0,0,0,충남,서산시,차대사람,횡단중,횡단중,안전운전 의무 불이행,단일로,기타단일로,승용차,보행자,900869.0,1858693.0,126.3899302,36.72109982
2019,2019-03-31,12,주,일,1,0,0,0,0,경기,안양시,차량단독,공작물충돌,공작물충돌,안전운전 의무 불이행,단일로,기타단일로,승용차,없음,952810.0,1931571.0,126.9669561,37.38202257
2019,2019-03-31,14,주,일,1,1,0,1,0,충북,괴산군,차대차,정면충돌,정면충돌,중앙선 침범,단일로,기타단일로,승용차,화물차,1025501.0,1878572.0,127.7862496,36.90513496
2019,2019-03-31,15,주,일,1,0,0,0,0,울산,중구,차대사람,횡단중,횡단중,안전운전 의무 불이행,단일로,기타단일로,승합차,보행자,1163769.0,1730189.0,129.3068656,35.55417874
2019,2019-03-31,20,야,일,1,0,0,0,0,세종,세종시,차대사람,차도통행중,차도통행중,안전운전 의무 불이행,단일로,기타단일로,승용차,보행자,971140.0,1846617.0,127.1772553,36.61697502
2019,2019-03-31,21,야,일,1,0,0,0,0,서울,용산구,차대사람,기타,기타,안전운전 의무 불이행,단일로,기타단일로,화물차,보행자,955310.0,1947062.0,126.9942551,37.52177289
2019,2019-03-31,21,야,일,1,0,0,0,0,경기,용인시,차대차,측면충돌,측면충돌,안전운전 의무 불이행,단일로,기타단일로,승용차,화물차,976175.0,1914678.0,127.2314182,37.23064649
2019,2019-04-01,6,주,월,1,0,0,0,0,인천,연수구,차대차,측면충돌,측면충돌,신호위반,교차로,교차로부근,승용차,이륜차,927321.0,1934127.0,126.6788111,37.40341145
2019,2019-04-01,7,주,월,1,0,0,0,0,전남,곡성군,차대사람,횡단중,횡단중,안전운전 의무 불이행,교차로,교차로내,화물차,보행자,977359.0,1682271.0,127.2514742,35.13539262
2019,2019-04-01,7,주,월,1,0,0,0,0,경남,남해군,차대사람,횡단중,횡단중,안전운전 의무 불이행,교차로,교차로내,화물차,보행자,1048647.0,1637243.0,128.031356,34.7284467
2019,2019-04-01,10,주,월,1,2,2,0,0,부산,강서구,차대차,측면충돌,측면충돌,신호위반,교차로,교차로내,화물차,화물차,1120934.0,1678976.0,128.8268344,35.09867465
2019,2019-04-01,13,주,월,1,2,1,1,0,서울,중구,차대차,정면충돌,정면충돌,신호위반,교차로,교차로내,승용차,승합차,953456.0,1950944.0,126.9730284,37.55667052
2019,2019-04-01,13,주,월,1,0,0,0,0,경기,이천시,차대사람,횡단중,횡단중,안전운전 의무 불이행,교차로,교차로횡단보도내,승용차,보행자,995580.0,1920822.0,127.4501361,37.28632276
2019,2019-04-01,14,주,월,1,0,0,0,0,강원,원주시,차량단독,도로이탈,도로이탈 추락,안전운전 의무 불이행,단일로,교량위,건설기계,없음,1047550.6,1918111.2,128.0362543,37.26068365
2019,2019-04-01,15,주,월,1,0,0,0,0,대구,달성군,차대사람,횡단중,횡단중,신호위반,교차로,교차로횡단보도내,이륜차,보행자,1085028.0,1754178.0,128.4408021,35.78033502
2019,2019-04-01,16,주,월,1,0,0,0,0,서울,양천구,차대사람,횡단중,횡단중,신호위반,교차로,교차로횡단보도내,자전거,보행자,943060.0,1946808.0,126.8556519,37.51880861
2019,2019-04-01,16,주,월,1,1,0,1,0,인천,동구,차대차,측면충돌,측면충돌,안전거리 미확보,기타,기타,승합차,사륜오토바이(ATV),924129.0,1942108.0,126.6419278,37.47508621
2019,2019-04-01,17,주,월,1,0,0,0,0,대전,중구,차대사람,기타,기타,안전운전 의무 불이행,단일로,기타단일로,승용차,보행자,990356.0,1814348.0,127.3925516,36.3264513
2019,2019-04-01,18,야,월,1,0,0,0,0,경북,김천시,차량단독,공작물충돌,공작물충돌,안전운전 의무 불이행,교차로,교차로부근,사륜오토바이(ATV),없음,1065885.0,1795069.0,128.2324065,36.1504485
2019,2019-04-01,19,야,월,1,0,0,0,0,경기,가평군,차량단독,기타,기타,안전운전 의무 불이행,단일로,기타단일로,승용차,없음,996989.0,1967700.0,127.4658397,37.70887115
2019,2019-04-01,22,야,월,1,0,0,0,0,경북,경산시,차대사람,기타,기타,과속,단일로,기타단일로,승용차,보행자,1119689.0,1768014.0,128.8263089,35.90143821
2019,2019-04-02,1,야,화,1,0,0,0,0,제주,제주시,차대사람,기타,기타,안전운전 의무 불이행,단일로,기타단일로,승용차,보행자,899438.0,1493888.0,126.4182243,33.43199803
2019,2019-04-02,5,야,화,1,1,0,1,0,경기,용인시,차대차,추돌,추돌,안전운전 의무 불이행,교차로,교차로내,화물차,화물차,990420.0,1904726.0,127.3921308,37.14119317
2019,2019-04-02,10,주,화,1,0,0,0,0,강원,강릉시,차대차,추돌,추돌,안전운전 의무 불이행,교차로,교차로내,화물차,자전거,1116794.0,1987199.0,128.828026,37.87713374
2019,2019-04-02,10,주,화,1,1,1,0,0,경남,남해군,차량단독,도로이탈,도로이탈 추락,안전운전 의무 불이행,단일로,기타단일로,화물차,없음,1046685.0,1654100.0,128.0108635,34.88054416
2019,2019-04-02,11,주,화,1,0,0,0,0,경북,구미시,차대사람,횡단중,횡단중,신호위반,교차로,교차로내,화물차,보행자,1075470.0,1792006.0,128.338654,36.12213725
2019,2019-04-02,16,주,화,1,0,0,0,0,충남,천안시,차대차,측면충돌,측면충돌,기타,교차로,교차로내,화물차,이륜차,980438.0,1859000.0,127.2809188,36.7288423
2019,2019-04-02,19,야,화,1,1,1,0,0,대구,북구,차대차,정면충돌,정면충돌,중앙선 침범,단일로,기타단일로,승용차,화물차,1098423.0,1767658.0,128.5906525,35.90060043
2019,2019-04-02,22,야,화,1,0,0,0,0,경북,영천시,차량단독,공작물충돌,공작물충돌,안전운전 의무 불이행,단일로,기타단일로,승용차,없음,1112516.0,1788349.0,128.7497287,36.08558549
2019,2019-04-02,22,야,화,1,0,0,0,0,울산,북구,차대차,측면충돌,측면충돌,신호위반,교차로,교차로내,이륜차,승용차,1168260.0,1732088.0,129.3567868,35.57053967
2019,2019-04-03,0,야,수,1,0,0,0,0,충남,홍성군,차량단독,도로이탈,도로이탈 추락,안전운전 의무 불이행,단일로,기타단일로,이륜차,없음,929785.0,1846195.0,126.7148438,36.6110211
2019,2019-04-03,4,야,수,1,0,0,0,0,부산,해운대구,차대사람,기타,기타,안전운전 의무 불이행,단일로,기타단일로,승용차,보행자,1152572.0,1688649.0,129.1756205,35.18156626
2019,2019-04-03,7,주,수,1,0,0,0,0,대구,달서구,차량단독,공작물충돌,공작물충돌,안전운전 의무 불이행,단일로,고가도로위,이륜차,없음,1094834.0,1758031.0,128.5497431,35.81417109
2019,2019-04-03,8,주,수,1,0,0,0,0,충북,옥천군,차량단독,기타,기타,안전운전 의무 불이행,단일로,기타단일로,승합차,없음,1012649.0,1810260.0,127.6408621,36.28956134
2019,2019-04-03,9,주,수,1,1,0,1,0,강원,춘천시,차대차,추돌,추돌,안전운전 의무 불이행,단일로,교량위,승용차,화물차,1007593.7,1969444.1,127.5861699,37.72456477
2019,2019-04-03,12,주,수,1,0,0,0,0,전남,고흥군,차량단독,전도,전도,안전운전 의무 불이행,단일로,기타단일로,농기계,없음,970269.0,1621978.0,127.1757903,34.59151598
2019,2019-04-03,12,주,수,1,1,0,1,0,경북,상주시,차대차,추돌,추돌,안전운전 의무 불이행,단일로,기타단일로,화물차,화물차,1051450.0,1823398.0,128.0738151,36.40671031
2019,2019-04-03,14,주,수,1,0,0,0,0,전남,곡성군,차대사람,횡단중,횡단중,보행자 보호의무 위반,교차로,교차로횡단보도내,화물차,보행자,981794.0,1698399.0,127.2997993,35.28091008
2019,2019-04-03,16,주,수,1,0,0,0,0,충남,서산시,차대사람,횡단중,횡단중,신호위반,교차로,교차로횡단보도내,승용차,보행자,909038.0,1866023.0,126.4805191,36.78798576
2019,2019-04-03,19,야,수,1,0,0,0,0,경남,하동군,차대사람,길가장자리구역통행중,길가장자리구역통행중,안전운전 의무 불이행,단일로,기타단일로,화물차,보행자,1035581.0,1685260.0,127.8906921,35.16196995
2019,2019-04-03,21,야,수,1,0,0,0,0,전북,장수군,차대사람,차도통행중,차도통행중,안전운전 의무 불이행,단일로,기타단일로,화물차,보행자,1010982.0,1746940.0,127.6214197,35.71869389
2019,2019-04-04,6,주,목,1,0,0,0,0,대구,북구,차대차,기타,기타,안전운전 의무 불이행,단일로,기타단일로,화물차,화물차,1097511.0,1772708.0,128.5811676,35.94621476
2019,2019-04-04,8,주,목,1,0,0,0,0,인천,부평구,차대차,기타,기타,신호위반,교차로,교차로내,이륜차,화물차,931245.9,1944651.6,126.7221724,37.49856839
2019,2019-04-04,9,주,목,1,0,0,0,0,경기,용인시,차대차,기타,기타,안전운전 의무 불이행,단일로,기타단일로,화물차,자전거,968990.0,1921120.0,127.1501537,37.28850243
2019,2019-04-04,12,주,목,1,0,0,0,0,경북,청도군,차량단독,공작물충돌,공작물충돌,안전운전 의무 불이행,단일로,기타단일로,승용차,없음,1113680.0,1738392.0,128.755532,35.63513903
2019,2019-04-04,17,주,목,1,0,0,0,0,경북,울진군,차량단독,도로이탈,도로이탈 추락,안전운전 의무 불이행,단일로,기타단일로,승용차,없음,1161576.0,1900883.0,129.3180737,37.09266113
2019,2019-04-04,18,야,목,1,1,0,1,0,전남,영광군,차량단독,도로이탈,도로이탈 추락,안전운전 의무 불이행,단일로,기타단일로,화물차,없음,912925.0,1692338.0,126.5431868,35.22264194
2019,2019-04-04,19,야,목,1,1,0,1,0,경기,안성시,차대차,정면충돌,정면충돌,중앙선 침범,단일로,기타단일로,이륜차,승용차,994563.0,1894844.0,127.4388519,37.05214735
2019,2019-04-04,19,야,목,1,0,0,0,0,경기,시흥시,차대사람,횡단중,횡단중,안전운전 의무 불이행,단일로,기타단일로,이륜차,보행자,933160.0,1926781.0,126.745443,37.33764115
2019,2019-04-04,23,야,목,1,0,0,0,0,전남,광양시,차대차,추돌,추돌,안전거리 미확보,교차로,교차로부근,화물차,화물차,1008683.0,1660351.0,127.5950827,34.93794912
2019,2019-04-05,3,야,금,1,3,2,1,0,경기,남양주시,차대차,추돌,추돌,안전운전 의무 불이행,교차로,교차로내,화물차,승용차,967712.0,1963230.0,127.1338888,37.66801811
2019,2019-04-05,12,주,금,1,0,0,0,0,경기,파주시,차대사람,횡단중,횡단중,보행자 보호의무 위반,단일로,기타단일로,승용차,보행자,945009.0,1983429.0,126.8749424,37.84898644
2019,2019-04-05,13,주,금,1,1,0,1,0,경기,수원시,차량단독,전도,전도,안전운전 의무 불이행,단일로,기타단일로,이륜차,없음,953032.0,1916704.0,126.9704046,37.24802921
2019,2019-04-05,14,주,금,1,16,0,1,15,경기,용인시,차대차,기타,기타,안전거리 미확보,단일로,기타단일로,건설기계,승용차,964888.6,1925721.7,127.1036661,37.32983517
2019,2019-04-05,18,야,금,1,0,0,0,0,충북,충주시,차대사람,횡단중,횡단중,안전운전 의무 불이행,단일로,기타단일로,승용차,보행자,1037798.0,1887155.0,127.9247102,36.98209168
2019,2019-04-05,22,야,금,1,0,0,0,0,충남,서산시,차대차,기타,기타,안전운전 의무 불이행,단일로,기타단일로,화물차,자전거,909853.0,1865571.0,126.4897056,36.78398965
2019,2019-04-05,23,야,금,1,0,0,0,0,경기,수원시,차대사람,횡단중,횡단중,신호위반,교차로,교차로횡단보도내,특수차,보행자,956387.0,1918420.0,127.0081326,37.26365988
2019,2019-04-06,2,야,토,1,0,0,0,0,경기,고양시,차량단독,공작물충돌,공작물충돌,안전운전 의무 불이행,단일로,기타단일로,이륜차,없음,937436.0,1961003.0,126.7908008,37.64638168
2019,2019-04-06,7,주,토,1,1,1,0,0,전북,군산시,차대차,추돌,추돌,안전운전 의무 불이행,단일로,지하차도(도로)내,승합차,화물차,929286.0,1772442.0,126.7159421,35.94612526
2019,2019-04-06,7,주,토,1,1,1,0,0,전남,해남군,차대차,추돌,추돌,안전운전 의무 불이행,단일로,기타단일로,승용차,농기계,916185.0,1618754.0,126.5863797,34.55945374
2019,2019-04-06,17,주,토,1,1,1,0,0,경북,포항시,차대차,측면충돌,측면충돌,안전운전 의무 불이행,단일로,기타단일로,승용차,이륜차,1147080.0,1791509.0,129.1341009,36.10944639
2019,2019-04-06,19,야,토,1,1,0,1,0,전남,장성군,차대차,측면충돌,측면충돌,안전운전 의무 불이행,단일로,기타단일로,승합차,기타,932934.0,1699833.0,126.7624227,35.29175726
2019,2019-04-06,20,야,토,1,0,0,0,0,경기,양주시,차대사람,횡단중,횡단중,안전운전 의무 불이행,교차로,교차로내,승용차,보행자,953439.0,1976862.0,126.9711807,37.79026905
2019,2019-04-06,21,야,토,1,0,0,0,0,전북,익산시,차대사람,보도통행중,보도통행중,보행자 보호의무 위반,교차로,교차로횡단보도내,승합차,보행자,950633.5,1771432.6,126.9526884,35.93833764
2019,2019-04-06,21,야,토,1,3,2,1,0,울산,북구,차대차,기타,기타,기타,교차로,교차로내,승용차,승용차,1168026.0,1735588.0,129.3549333,35.60212081
2019,2019-04-07,0,야,일,1,0,0,0,0,경남,진주시,차대사람,길가장자리구역통행중,길가장자리구역통행중,안전운전 의무 불이행,단일로,기타단일로,화물차,보행자,1052684.0,1687607.0,128.0786319,35.18238106
2019,2019-04-07,0,야,일,1,0,0,0,0,경남,김해시,차대사람,횡단중,횡단중,안전운전 의무 불이행,교차로,교차로내,승용차,보행자,1124266.0,1696568.0,128.8660335,35.25685416
2019,2019-04-07,2,야,일,1,0,0,0,0,서울,성북구,차량단독,전도,전도,안전운전 의무 불이행,단일로,기타단일로,이륜차,없음,957974.0,1956496.0,127.023861,37.60692919
2019,2019-04-07,3,야,일,1,0,0,0,0,서울,강서구,차대사람,기타,기타,안전운전 의무 불이행,단일로,기타단일로,승용차,보행자,942301.0,1948231.0,126.8469516,37.531587
2019,2019-04-07,4,야,일,1,0,0,0,0,서울,양천구,차량단독,공작물충돌,공작물충돌,안전운전 의무 불이행,단일로,기타단일로,화물차,없음,943307.0,1947948.0,126.8583589,37.52909872
2019,2019-04-07,5,야,일,1,2,1,1,0,경남,밀양시,차대차,추돌,추돌,안전운전 의무 불이행,단일로,기타단일로,승용차,화물차,1118544.0,1713124.0,128.8055456,35.40679361
2019,2019-04-07,5,야,일,1,0,0,0,0,충북,청주시,차대사람,횡단중,횡단중,안전운전 의무 불이행,단일로,지하차도(도로)내,승용차,보행자,991739.0,1854022.0,127.4075359,36.68413198
2019,2019-04-07,10,주,일,1,2,1,1,0,경남,창원시(통합),차대차,측면충돌,측면충돌,안전운전 의무 불이행,교차로,교차로부근,승용차,승용차,1105997.0,1694204.0,128.664941,35.23764262
2019,2019-04-07,14,주,일,1,0,0,0,0,경기,광주시,차량단독,도로이탈,도로이탈 기타,안전운전 의무 불이행,단일로,기타단일로,이륜차,없음,977413.0,1940589.0,127.2445843,37.46423415
2019,2019-04-07,14,주,일,1,0,0,0,0,강원,철원군,차대차,측면충돌,측면충돌,교차로 통행방법 위반,교차로,교차로내,승용차,이륜차,973916.0,2028070.0,127.2018815,38.25260799
2019,2019-04-07,20,야,일,1,0,0,0,0,서울,양천구,차대차,측면충돌,측면충돌,신호위반,단일로,기타단일로,승합차,이륜차,940154.0,1949090.0,126.8225829,37.53919228
2019,2019-04-08,3,야,월,1,0,0,0,0,대구,서구,차대사람,횡단중,횡단중,안전운전 의무 불이행,교차로,교차로횡단보도내,화물차,보행자,1096695.0,1764456.0,128.5711183,35.87190826
2019,2019-04-08,4,야,월,1,1,1,0,0,인천,부평구,차대차,기타,기타,신호위반,교차로,교차로내,승용차,이륜차,930685.0,1946685.0,126.7156357,37.51685308
2019,2019-04-08,5,야,월,1,0,0,0,0,경기,화성시,차대사람,횡단중,횡단중,안전운전 의무 불이행,교차로,교차로내,승용차,보행자,958967.0,1912753.0,127.0375411,37.21269614
2019,2019-04-08,6,주,월,1,0,0,0,0,경북,포항시,차대사람,횡단중,횡단중,안전운전 의무 불이행,단일로,기타단일로,승합차,보행자,1168096.8,1783389.5,129.3657696,36.03286964
2019,2019-04-08,6,주,월,1,0,0,0,0,경남,사천시,차대차,측면충돌,측면충돌,신호위반,교차로,교차로내,이륜차,화물차,1053035.0,1661092.0,128.080791,34.94327996