발생년,발생년월일,발생시간,주야,요일,사망자수,부상자수,중상자수,경상자수,부상신고자수,발생지시도,발생지시군구,사고유형_대분류,사고유형_중분류,사고유형,가해자법규위반,도로형태_대분류,도로형태,가해자_당사자종별,피해자_당사자종별,발생위치X_UTMK,발생위치Y_UTMK,경도,위도
2019,2019-06-05,7,주,수,1,0,0,0,0,부산,사상구,차대사람,기타,기타,안전운전 의무 불이행,교차로,교차로내,승합차,보행자,1135907.0,1684350.0,128.991948,35.14520814
2019,2019-06-05,7,주,수,1,0,0,0,0,경기,평택시,차대사람,기타,기타,안전운전 의무 불이행,기타,기타,승용차,보행자,958743.0,1889674.0,127.0362867,37.0046529
2019,2019-06-05,7,주,수,1,1,0,1,0,경남,합천군,차량단독,기타,기타,안전운전 의무 불이행,단일로,기타단일로,화물차,없음,1069725.0,1736713.0,128.26998,35.62408346
2019,2019-06-05,9,주,수,1,0,0,0,0,경북,김천시,차대사람,길가장자리구역통행중,길가장자리구역통행중,안전운전 의무 불이행,단일로,기타단일로,화물차,보행자,1055905.0,1791299.0,128.1212029,36.11708825
2019,2019-06-05,15,주,수,1,0,0,0,0,전북,군산시,차대차,추돌,추돌,안전운전 의무 불이행,단일로,기타단일로,화물차,화물차,930310.0,1772125.0,126.7273228,35.94334106
2019,2019-06-05,17,주,수,1,0,0,0,0,부산,북구,차량단독,기타,기타,안전운전 의무 불이행,단일로,기타단일로,이륜차,없음,1137171.9,1693887.4,129.0074167,35.23100685
2019,2019-06-05,18,야,수,1,2,1,1,0,서울,영등포구,차대차,측면충돌,측면충돌,과속,단일로,기타단일로,이륜차,승용차,946530.0,1949314.0,126.8947348,37.54160317
2019,2019-06-05,19,야,수,1,1,1,0,0,강원,화천군,차대차,정면충돌,정면충돌,중앙선 침범,단일로,기타단일로,화물차,승용차,1002897.1,2007545.9,127.5330281,38.0680054
2019,2019-06-05,19,야,수,1,0,0,0,0,충북,충주시,차대차,측면충돌,측면충돌,중앙선 침범,교차로,교차로내,승용차,이륜차,1039705.8,1886674.5,127.946121,36.97768174
2019,2019-06-05,19,야,수,1,0,0,0,0,충남,천안시,차대차,기타,기타,안전운전 의무 불이행,단일로,기타단일로,승용차,자전거,966313.0,1866333.0,127.1224068,36.79455004
2019,2019-06-05,19,야,수,1,0,0,0,0,전북,군산시,차대차,기타,기타,안전운전 의무 불이행,교차로,교차로내,승용차,자전거,922337.0,1769929.2,126.6391466,35.92294431
2019,2019-06-05,20,야,수,2,2,2,0,0,경기,파주시,차대차,측면충돌,측면충돌,안전운전 의무 불이행,단일로,기타단일로,승용차,승합차,937407.0,1978049.0,126.7890051,37.800009
2019,2019-06-05,21,야,수,1,0,0,0,0,서울,양천구,차대사람,차도통행중,차도통행중,보행자 보호의무 위반,교차로,교차로내,승합차,보행자,943355.0,1946352.0,126.8590252,37.51471681
2019,2019-06-05,21,야,수,1,0,0,0,0,충북,진천군,차대사람,길가장자리구역통행중,길가장자리구역통행중,안전운전 의무 불이행,단일로,기타단일로,승용차,보행자,1001508.0,1879686.0,127.5169297,36.91552081
2019,2019-06-05,21,야,수,1,0,0,0,0,충남,서산시,차량단독,공작물충돌,공작물충돌,안전운전 의무 불이행,단일로,기타단일로,이륜차,없음,912665.0,1866748.0,126.521081,36.79486193
2019,2019-06-06,0,야,목,1,0,0,0,0,서울,강동구,차대사람,기타,기타,안전운전 의무 불이행,단일로,기타단일로,승용차,보행자,967904.0,1949038.0,127.1366885,37.54010773
2019,2019-06-06,2,야,목,1,0,0,0,0,강원,화천군,차대사람,기타,기타,안전운전 의무 불이행,단일로,기타단일로,승용차,보행자,1017514.0,2012734.0,127.6997934,38.11459927
2019,2019-06-06,10,주,목,1,0,0,0,0,전북,무주군,차대차,측면충돌,측면충돌,안전운전 의무 불이행,교차로,교차로내,건설기계,이륜차,1013603.0,1762933.0,127.6506699,35.86285769
2019,2019-06-06,14,주,목,1,0,0,0,0,경북,상주시,차량단독,도로이탈,도로이탈 추락,안전운전 의무 불이행,교차로,교차로내,농기계,없음,1051949.0,1818299.0,128.0790393,36.36071645
2019,2019-06-06,17,주,목,1,0,0,0,0,경북,안동시,차대차,기타,기타,안전운전 의무 불이행,단일로,기타단일로,화물차,승용차,1105757.0,1835670.0,128.6810842,36.5128765
2019,2019-06-06,19,야,목,1,0,0,0,0,경기,용인시,차량단독,공작물충돌,공작물충돌,안전운전 의무 불이행,교차로,교차로부근,승용차,없음,974344.0,1914306.0,127.2107902,37.22724468
2019,2019-06-06,19,야,목,1,0,0,0,0,전남,고흥군,차량단독,전도,전도,안전운전 의무 불이행,단일로,기타단일로,화물차,없음,998861.0,1606405.0,127.4876002,34.45150634
2019,2019-06-07,0,야,금,1,1,0,1,0,강원,홍천군,차대차,추돌,추돌,안전운전 의무 불이행,교차로,교차로내,화물차,승용차,1043325.0,1978598.0,127.9921713,37.80607462
2019,2019-06-07,0,야,금,1,2,2,0,0,충북,제천시,차량단독,공작물충돌,공작물충돌,과속,기타,기타,승용차,없음,1070492.0,1909564.0,128.2941499,37.1821914
2019,2019-06-07,4,야,금,1,0,0,0,0,경북,포항시,차량단독,공작물충돌,공작물충돌,안전운전 의무 불이행,단일로,기타단일로,특수차,없음,1170201.0,1773795.0,129.3870528,35.94604749
2019,2019-06-07,4,야,금,1,0,0,0,0,경기,양주시,차대사람,차도통행중,차도통행중,안전운전 의무 불이행,단일로,기타단일로,건설기계,보행자,955604.0,1981487.0,126.9954854,37.83206122
2019,2019-06-07,5,야,금,1,0,0,0,0,서울,성북구,차대사람,횡단중,횡단중,보행자 보호의무 위반,교차로,교차로횡단보도내,승용차,보행자,956632.0,1957000.0,127.0086272,37.61140951
2019,2019-06-07,6,주,금,1,0,0,0,0,전남,장흥군,차량단독,전도,전도,안전운전 의무 불이행,단일로,기타단일로,화물차,없음,948040.0,1622801.0,126.933346,34.59805277
2019,2019-06-07,7,주,금,1,4,4,0,0,전남,영암군,차량단독,공작물충돌,공작물충돌,과속,단일로,기타단일로,승용차,없음,905285.2,1641869.2,126.4649946,34.76692439
2019,2019-06-07,8,주,금,1,0,0,0,0,경기,하남시,차대사람,횡단중,횡단중,보행자 보호의무 위반,교차로,교차로횡단보도내,화물차,보행자,968996.0,1946382.0,127.1491614,37.51620538
2019,2019-06-07,11,주,금,1,0,0,0,0,경남,사천시,차대사람,기타,기타,안전운전 의무 불이행,교차로,교차로부근,승용차,보행자,1040639.0,1673413.0,127.9456474,35.05495365
2019,2019-06-07,12,주,금,1,9,3,5,1,경기,평택시,차대차,측면충돌,측면충돌,안전운전 의무 불이행,단일로,기타단일로,승용차,승용차,964406.5,1903054.7,127.0993068,37.12549962
2019,2019-06-07,14,주,금,1,0,0,0,0,경남,김해시,차대차,추돌,추돌,안전운전 의무 불이행,교차로,교차로부근,승용차,이륜차,1125106.0,1693116.0,128.8747397,35.2256316
2019,2019-06-07,14,주,금,1,0,0,0,0,광주,광산구,차대사람,보도통행중,보도통행중,기타,단일로,기타단일로,승용차,보행자,936122.0,1684302.0,126.798687,35.15193176
2019,2019-06-07,16,주,금,1,0,0,0,0,경남,진주시,차량단독,공작물충돌,공작물충돌,안전운전 의무 불이행,단일로,기타단일로,이륜차,없음,1046397.0,1693075.0,128.0098921,35.23199498
2019,2019-06-07,20,야,금,1,0,0,0,0,충남,아산시,차대차,기타,기타,안전운전 의무 불이행,단일로,기타단일로,승합차,자전거,959112.0,1881527.0,127.0408752,36.93123044
2019,2019-06-07,21,야,금,1,0,0,0,0,경북,안동시,차대사람,차도통행중,차도통행중,안전운전 의무 불이행,단일로,기타단일로,화물차,보행자,1107746.0,1847926.0,128.7050077,36.62311895
2019,2019-06-08,4,야,토,1,0,0,0,0,인천,서구,차대사람,횡단중,횡단중,과속,교차로,교차로횡단보도내,승용차,보행자,926028.0,1948154.0,126.6627944,37.52973099
2019,2019-06-08,14,주,토,1,3,0,3,0,경기,남양주시,차대차,측면충돌,측면충돌,과속,교차로,교차로내,승용차,승용차,974888.0,1954165.0,127.2155674,37.58653649
2019,2019-06-08,16,주,토,1,0,0,0,0,충북,보은군,차대사람,기타,기타,안전운전 의무 불이행,교차로,교차로내,승용차,보행자,1026250.0,1828207.0,127.7929306,36.451084
2019,2019-06-08,18,야,토,1,0,0,0,0,경북,칠곡군,차량단독,전도,전도,안전운전 의무 불이행,단일로,기타단일로,원동기장치자전거,없음,1082692.0,1787007.0,128.4183744,36.07648441
2019,2019-06-08,21,야,토,1,2,1,1,0,경기,화성시,차량단독,공작물충돌,공작물충돌,안전운전 의무 불이행,단일로,기타단일로,화물차,없음,929546.0,1908946.0,126.7063365,37.17662405
2019,2019-06-08,21,야,토,1,0,0,0,0,대구,달서구,차대차,측면충돌,측면충돌,기타,단일로,기타단일로,자전거,승용차,1092931.0,1756961.0,128.5285569,35.80470737
2019,2019-06-09,0,야,일,1,1,1,0,0,제주,제주시,차대차,기타,기타,신호위반,교차로,교차로내,승용차,승용차,898640.0,1498496.0,126.4091211,33.47347818
2019,2019-06-09,0,야,일,1,2,2,0,0,울산,울주군,차대차,측면충돌,측면충돌,신호위반,교차로,교차로내,이륜차,이륜차,1145325.0,1727225.0,129.1029167,35.53034148
2019,2019-06-09,2,야,일,1,0,0,0,0,강원,홍천군,차대사람,기타,기타,과속,기타,기타,승용차,보행자,1036479.4,1966659.4,127.9138077,37.69877072
2019,2019-06-09,4,야,일,1,2,2,0,0,충북,청주시,차대차,정면충돌,정면충돌,중앙선 침범,교차로,교차로내,승용차,승용차,997191.0,1846947.0,127.4685852,36.62038291
2019,2019-06-09,4,야,일,1,1,1,0,0,충남,아산시,차대차,추돌,추돌,안전운전 의무 불이행,단일로,기타단일로,승용차,사륜오토바이(ATV),945936.0,1862742.0,126.8942679,36.76123548
2019,2019-06-09,6,주,일,1,1,0,1,0,경북,경주시,차량단독,도로이탈,도로이탈 추락,안전운전 의무 불이행,단일로,기타단일로,농기계,없음,1150892.0,1748943.0,129.16836,35.72524729
2019,2019-06-09,9,주,일,1,0,0,0,0,경기,양평군,차량단독,기타,기타,안전운전 의무 불이행,단일로,기타단일로,자전거,없음,1001615.0,1938149.0,127.5182573,37.44251525
2019,2019-06-09,9,주,일,1,0,0,0,0,경기,동두천시,차대사람,보도통행중,보도통행중,안전운전 의무 불이행,교차로,교차로횡단보도내,승합차,보행자,960260.0,1989967.0,127.0479277,37.90870468
2019,2019-06-09,11,주,일,1,2,2,0,0,경기,평택시,차대차,정면충돌,정면충돌,중앙선 침범,교차로,교차로내,승용차,화물차,943264.0,1885744.0,126.8626126,36.96842113
2019,2019-06-09,15,주,일,1,0,0,0,0,전남,담양군,차량단독,도로이탈,도로이탈 추락,안전운전 의무 불이행,단일로,기타단일로,농기계,없음,958483.0,1696327.0,127.043572,35.2615316
2019,2019-06-09,18,야,일,1,0,0,0,0,서울,강서구,차대차,기타,기타,신호위반,교차로,교차로내,이륜차,승합차,940525.0,1951378.5,126.8265966,37.55984247
2019,2019-06-10,2,야,월,1,0,0,0,0,인천,남동구,차대사람,기타,기타,안전운전 의무 불이행,단일로,터널안,승합차,보행자,933663.0,1940457.0,126.7498934,37.46093966
2019,2019-06-10,7,주,월,1,1,1,0,0,전북,고창군,차대차,측면충돌,측면충돌,안전거리 미확보,단일로,기타단일로,화물차,승용차,924338.0,1716925.9,126.6663109,35.44525238
2019,2019-06-10,7,주,월,1,0,0,0,0,대구,달성군,차대차,기타,기타,안전운전 의무 불이행,단일로,기타단일로,승용차,농기계,1088216.7,1755510.1,128.4762262,35.79206266
2019,2019-06-10,10,주,월,1,0,0,0,0,경남,창원시(통합),차대차,측면충돌,측면충돌,신호위반,교차로,교차로내,이륜차,특수차,1103045.0,1689058.0,128.631859,35.19155749
2019,2019-06-10,14,주,월,1,0,0,0,0,전북,익산시,차대차,측면충돌,측면충돌,신호위반,교차로,교차로내,건설기계,이륜차,961987.0,1785021.0,127.0779054,36.06135447
2019,2019-06-10,14,주,월,1,0,0,0,0,경남,밀양시,차대차,측면충돌,측면충돌,중앙선 침범,단일로,교량위,화물차,이륜차,1113746.0,1722358.0,128.7540067,35.49059404
2019,2019-06-10,20,야,월,1,1,0,0,1,서울,동대문구,차대사람,횡단중,횡단중,안전운전 의무 불이행,단일로,기타단일로,이륜차,보행자,959254.0,1953675.0,127.0385195,37.58156049
2019,2019-06-10,22,야,월,1,0,0,0,0,경기,고양시,차대차,측면충돌,측면충돌,신호위반,교차로,교차로내,승합차,자전거,933692.0,1966597.0,126.747855,37.69653555
2019,2019-06-11,0,야,화,1,0,0,0,0,부산,해운대구,차량단독,공작물충돌,공작물충돌,안전운전 의무 불이행,단일로,기타단일로,이륜차,없음,1148588.0,1686351.0,129.1314684,35.16145055
2019,2019-06-11,1,야,화,1,1,0,1,0,전남,여수시,차대차,측면충돌,측면충돌,신호위반,교차로,교차로내,원동기장치자전거,화물차,1016363.3,1639486.6,127.6787778,34.74970676
2019,2019-06-11,5,야,화,1,0,0,0,0,대구,중구,차대차,측면충돌,측면충돌,안전운전 의무 불이행,교차로,교차로횡단보도내,화물차,자전거,1097708.9,1764302.6,128.582329,35.87042477
2019,2019-06-11,7,주,화,2,1,0,1,0,충남,서산시,차대차,추돌,추돌,안전운전 의무 불이행,단일로,기타단일로,승용차,승용차,917438.0,1868521.0,126.5743817,36.81127122
2019,2019-06-11,7,주,화,1,0,0,0,0,경남,김해시,차량단독,공작물충돌,공작물충돌,안전운전 의무 불이행,교차로,교차로내,승용차,없음,1129818.0,1702411.0,128.9279737,35.30881991
2019,2019-06-11,12,주,화,1,2,2,0,0,충남,공주시,차대차,추돌,추돌,안전운전 의무 불이행,단일로,기타단일로,화물차,화물차,966617.0,1814240.0,127.128072,36.32494728
2019,2019-06-12,8,주,수,1,0,0,0,0,서울,서대문구,차대사람,차도통행중,차도통행중,안전운전 의무 불이행,교차로,교차로부근,건설기계,보행자,950701.0,1954865.0,126.9415738,37.59186764
2019,2019-06-12,12,주,수,1,0,0,0,0,경기,평택시,차량단독,전도,전도,안전운전 의무 불이행,교차로,교차로부근,자전거,없음,964567.0,1888585.0,127.1017959,36.99507411
2019,2019-06-12,13,주,수,1,0,0,0,0,경북,고령군,차대차,측면충돌,측면충돌,신호위반,교차로,교차로내,이륜차,화물차,1070835.0,1752155.0,128.2835976,35.76322278
2019,2019-06-12,16,주,수,1,1,1,0,0,경북,성주군,차량단독,공작물충돌,공작물충돌,안전운전 의무 불이행,단일로,기타단일로,승용차,없음,1068008.0,1762459.0,128.2532036,35.85631764
2019,2019-06-12,17,주,수,1,3,0,3,0,전남,순천시,차대차,측면충돌,측면충돌,신호위반,교차로,교차로내,승용차,승용차,999693.0,1659624.0,127.4966385,34.93143053
2019,2019-06-12,18,야,수,1,0,0,0,0,충남,서산시,차대사람,횡단중,횡단중,안전운전 의무 불이행,교차로,교차로내,승용차,보행자,914817.0,1857296.0,126.5462545,36.7098619
2019,2019-06-12,22,야,수,1,0,0,0,0,충남,공주시,차량단독,도로이탈,도로이탈 기타,안전운전 의무 불이행,단일로,기타단일로,이륜차,없음,962884.0,1835834.0,127.0854492,36.51948207
2019,2019-06-12,22,야,수,1,1,1,0,0,대전,대덕구,차대차,기타,기타,신호위반,교차로,교차로부근,이륜차,승용차,993085.0,1822638.0,127.422883,36.40121232
2019,2019-06-13,0,야,목,1,0,0,0,0,경기,고양시,차대사람,횡단중,횡단중,과속,단일로,기타단일로,승용차,보행자,933563.0,1964367.0,126.7465952,37.67642811
2019,2019-06-13,8,주,목,1,0,0,0,0,경남,진주시,차대차,측면충돌,측면충돌,중앙선 침범,교차로,교차로내,자전거,화물차,1067855.0,1688457.0,128.2453149,35.18913441
2019,2019-06-13,8,주,목,1,0,0,0,0,광주,남구,차대차,추돌,추돌,안전운전 의무 불이행,단일로,기타단일로,승용차,자전거,945379.0,1683427.0,126.9003716,35.14458774
2019,2019-06-13,9,주,목,1,0,0,0,0,경기,김포시,차대차,측면충돌,측면충돌,신호위반,교차로,교차로부근,이륜차,승용차,930392.0,1959250.0,126.7111267,37.63007558
2019,2019-06-13,18,야,목,1,0,0,0,0,충남,서산시,차대사람,기타,기타,기타,단일로,기타단일로,승용차,보행자,906906.0,1865203.0,126.4567279,36.7803877
2019,2019-06-13,21,야,목,1,0,0,0,0,경북,영천시,차대사람,횡단중,횡단중,안전운전 의무 불이행,단일로,기타단일로,승용차,보행자,1128173.0,1782993.0,128.922718,36.03537209
2019,2019-06-14,1,야,금,1,1,0,0,1,경기,남양주시,차대차,정면충돌,정면충돌,중앙선 침범,단일로,기타단일로,승용차,화물차,983786.0,1959083.0,127.3162415,37.63106449
2019,2019-06-14,1,야,금,1,0,0,0,0,전북,완주군,차대차,추돌,추돌,안전운전 의무 불이행,단일로,교량위,승용차,이륜차,957933.0,1758566.0,127.0342927,35.82267633
2019,2019-06-14,10,주,금,1,0,0,0,0,서울,성동구,차대사람,보도통행중,보도통행중,신호위반,교차로,교차로횡단보도내,이륜차,보행자,957942.0,1951153.0,127.0238053,37.55877005
2019,2019-06-14,11,주,금,1,0,0,0,0,충북,청주시,차대차,기타,기타,안전거리 미확보,교차로,교차로부근,화물차,건설기계,998224.0,1861634.0,127.4801038,36.75278731
2019,2019-06-14,11,주,금,1,1,0,1,0,전북,부안군,차대차,정면충돌,정면충돌,중앙선 침범,단일로,기타단일로,승용차,건설기계,916774.0,1745376.0,126.5800474,35.70113784
2019,2019-06-14,15,주,금,2,3,2,1,0,충북,음성군,차대차,추돌,추돌,안전운전 의무 불이행,단일로,기타단일로,승용차,특수차,997057.0,1885311.0,127.4669383,36.96622408
2019,2019-06-14,16,주,금,1,0,0,0,0,충북,단양군,차대차,정면충돌,정면충돌,중앙선 침범,단일로,기타단일로,화물차,승합차,1076790.0,1896394.0,128.3637451,37.06299059
2019,2019-06-14,17,주,금,1,1,1,0,0,인천,미추홀구,차대차,측면충돌,측면충돌,안전운전 의무 불이행,교차로,교차로내,승용차,승용차,926346.6,1939361.3,126.6672802,37.4505103
2019,2019-06-14,20,야,금,1,0,0,0,0,전북,임실군,차대차,추돌,추돌,안전운전 의무 불이행,단일로,기타단일로,화물차,농기계,975244.8,1732360.0,127.2267497,35.58698533
2019,2019-06-14,21,야,금,2,0,0,0,0,경북,김천시,차대차,추돌,추돌,안전운전 의무 불이행,단일로,기타단일로,화물차,화물차,1062500.0,1795662.0,128.1948271,36.15601864
2019,2019-06-14,22,야,금,1,0,0,0,0,서울,구로구,차대사람,횡단중,횡단중,신호위반,교차로,교차로내,승용차,보행자,943267.0,1945810.0,126.8580713,37.50982631
2019,2019-06-15,0,야,토,1,0,0,0,0,경북,안동시,차량단독,공작물충돌,공작물충돌,안전운전 의무 불이행,단일로,기타단일로,승용차,없음,1127453.0,1830110.0,128.9224047,36.46012271
2019,2019-06-15,6,주,토,1,0,0,0,0,서울,동대문구,차대차,기타,기타,신호위반,교차로,교차로내,이륜차,승용차,959236.0,1953298.0,127.0383366,37.5781617
2019,2019-06-15,11,주,토,1,1,0,1,0,전남,해남군,차대차,측면충돌,측면충돌,중앙선 침범,단일로,기타단일로,이륜차,승용차,916599.0,1619866.0,126.5907828,34.56951427
2019,2019-06-15,13,주,토,1,0,0,0,0,경기,광명시,차대사람,기타,기타,안전운전 의무 불이행,교차로,교차로내,승합차,보행자,942672.6,1941764.9,126.8516613,37.47333068
2019,2019-06-15,13,주,토,1,0,0,0,0,경북,안동시,차량단독,도로이탈,도로이탈 추락,안전운전 의무 불이행,단일로,기타단일로,농기계,없음,1108485.0,1845808.0,128.7129718,36.60394557
2019,2019-06-15,16,주,토,1,1,0,1,0,경기,수원시,차대차,추돌,추돌,안전거리 미확보,단일로,기타단일로,이륜차,승용차,958523.0,1918162.0,127.032236,37.26143197
2019,2019-06-15,19,야,토,1,0,0,0,0,경북,의성군,차대사람,횡단중,횡단중,과속,교차로,교차로내,승용차,보행자,1076922.0,1836083.0,128.3591377,36.51935308
2019,2019-06-16,17,주,일,1,0,0,0,0,경기,여주시,차대차,추돌,추돌,안전운전 의무 불이행,교차로,교차로내,승용차,화물차,1005041.0,1910591.0,127.5568004,37.19409677
2019,2019-06-16,17,주,일,2,0,0,0,0,충북,제천시,차대사람,기타,기타,안전운전 의무 불이행,기타,기타,승용차,보행자,1064123.0,1903507.0,128.2218841,37.12805596
2019,2019-06-16,23,야,일,1,0,0,0,0,경기,의왕시,차량단독,공작물충돌,공작물충돌,안전운전 의무 불이행,단일로,기타단일로,승용차,없음,955093.0,1929195.0,126.9928874,37.36071989
2019,2019-06-17,4,야,월,1,0,0,0,0,부산,금정구,차대사람,횡단중,횡단중,보행자 보호의무 위반,교차로,교차로내,승용차,보행자,1144916.7,1695085.3,129.0927088,35.24071456
2019,2019-06-17,4,야,월,1,0,0,0,0,전북,고창군,차대사람,횡단중,횡단중,과속,교차로,교차로부근,승용차,보행자,910128.0,1722906.0,126.5090946,35.49798266
2019,2019-06-17,7,주,월,1,1,0,1,0,전남,여수시,차대차,추돌,추돌,안전운전 의무 불이행,단일로,기타단일로,승용차,건설기계,1012729.0,1643520.6,127.6391323,34.78613622
2019,2019-06-17,7,주,월,1,11,0,6,5,경기,파주시,차대차,추돌,추돌,안전운전 의무 불이행,단일로,기타단일로,승합차,승합차,944108.0,1983060.0,126.8647303,37.84560599
2019,2019-06-17,10,주,월,1,1,1,0,0,충남,부여군,차대차,정면충돌,정면충돌,중앙선 침범,단일로,기타단일로,화물차,화물차,944137.0,1802745.0,126.8784495,36.22027818
2019,2019-06-17,13,주,월,1,0,0,0,0,인천,계양구,차대사람,차도통행중,차도통행중,안전운전 의무 불이행,단일로,기타단일로,화물차,보행자,932940.0,1950108.0,126.7408384,37.54787068
2019,2019-06-17,16,주,월,1,0,0,0,0,서울,중랑구,차대사람,차도통행중,차도통행중,안전운전 의무 불이행,단일로,기타단일로,자전거,보행자,963961.0,1953558.0,127.0918344,37.5807023
2019,2019-06-17,19,야,월,2,2,1,1,0,전남,광양시,차대차,측면충돌,측면충돌,신호위반,교차로,교차로내,승합차,승용차,1020596.0,1661868.0,127.7255722,34.95145647
2019,2019-06-17,20,야,월,1,0,0,0,0,경기,하남시,차대차,측면충돌,측면충돌,안전운전 의무 불이행,단일로,기타단일로,화물차,이륜차,975318.0,1947918.0,127.2206481,37.53024098
2019,2019-06-17,21,야,월,1,0,0,0,0,경기,화성시,차대사람,횡단중,횡단중,안전운전 의무 불이행,단일로,기타단일로,화물차,보행자,958278.0,1913283.0,127.0297463,37.21744288
2019,2019-06-17,21,야,월,1,0,0,0,0,전남,순천시,차대사람,기타,기타,신호위반,교차로,교차로횡단보도내,승합차,보행자,999454.0,1661282.0,127.4940204,34.9463815
2019,2019-06-17,22,야,월,1,0,0,0,0,인천,서구,차대사람,기타,기타,안전운전 의무 불이행,교차로,교차로부근,화물차,보행자,928176.0,1957551.0,126.6861818,37.61459266
2019,2019-06-17,23,야,월,1,0,0,0,0,서울,종로구,차대차,추돌,추돌,안전운전 의무 불이행,단일로,기타단일로,이륜차,승합차,955970.0,1952509.0,127.001397,37.57089982
2019,2019-06-18,0,야,화,2,31,17,14,0,충남,아산시,차대차,측면충돌,측면충돌,신호위반,교차로,교차로내,화물차,승합차,963790.0,1870257.0,127.0939407,36.82982976
2019,2019-06-18,1,야,화,1,0,0,0,0,경기,평택시,차대사람,기타,기타,안전운전 의무 불이행,단일로,기타단일로,승용차,보행자,956624.0,1890579.0,127.0124186,37.01271522
2019,2019-06-18,1,야,화,1,0,0,0,0,경기,이천시,차대사람,기타,기타,안전운전 의무 불이행,단일로,기타단일로,화물차,보행자,994785.0,1909238.0,127.4412485,37.18189968
2019,2019-06-18,4,야,화,1,0,0,0,0,경남,함안군,차대차,기타,기타,과속,단일로,기타단일로,승용차,화물차,1093904.0,1700119.0,128.532732,35.29217594
2019,2019-06-18,5,야,화,1,1,1,0,0,전북,완주군,차대차,측면충돌,측면충돌,안전운전 의무 불이행,단일로,교량위,화물차,화물차,968100.0,1766070.0,127.1465452,35.89071568
2019,2019-06-18,6,주,화,1,0,0,0,0,경기,평택시,차대차,추돌,추돌,안전운전 의무 불이행,단일로,기타단일로,승용차,화물차,941281.0,1886439.0,126.8402822,36.9745641
2019,2019-06-18,7,주,화,1,0,0,0,0,전북,군산시,차대차,측면충돌,측면충돌,중앙선 침범,단일로,기타단일로,자전거,승합차,931952.0,1776984.0,126.74511,35.98726178
2019,2019-06-18,8,주,화,1,0,0,0,0,경북,청도군,차대차,정면충돌,정면충돌,안전운전 의무 불이행,교차로,교차로부근,화물차,이륜차,1125759.0,1744461.0,128.8898522,35.68837959
2019,2019-06-18,13,주,화,1,1,0,1,0,전북,진안군,차대차,추돌,추돌,안전운전 의무 불이행,단일로,터널안,화물차,농기계,986326.0,1750161.0,127.3487621,35.74770173
2019,2019-06-18,14,주,화,1,0,0,0,0,전북,무주군,차대차,추돌,추돌,안전운전 의무 불이행,단일로,지하차도(도로)내,건설기계,농기계,1013056.0,1776825.0,127.6448395,35.98811579
2019,2019-06-18,20,야,화,1,0,0,0,0,전남,나주시,차량단독,주/정차차량 충돌,주/정차차량 충돌,안전운전 의무 불이행,단일로,기타단일로,자전거,화물차,928357.0,1665559.0,126.7150619,34.98241224
2019,2019-06-18,21,야,화,1,0,0,0,0,전북,전주시,차대사람,횡단중,횡단중,보행자 보호의무 위반,교차로,교차로횡단보도내,승용차,보행자,967094.2,1759532.4,127.1356709,35.83173957
2019,2019-06-18,21,야,화,1,1,0,1,0,대구,동구,차량단독,공작물충돌,공작물충돌,안전운전 의무 불이행,단일로,기타단일로,승용차,없음,1105056.0,1773995.0,128.6649792,35.95703335
2019,2019-06-19,4,야,수,1,0,0,0,0,인천,계양구,차대사람,횡단중,횡단중,안전운전 의무 불이행,단일로,기타단일로,승용차,보행자,932305.0,1949583.0,126.7336988,37.54309253
2019,2019-06-19,5,야,수,1,0,0,0,0,서울,동대문구,차량단독,공작물충돌,공작물충돌,안전운전 의무 불이행,교차로,교차로부근,이륜차,없음,959731.0,1952641.0,127.0439786,37.57226177
2019,2019-06-19,9,주,수,1,0,0,0,0,세종,세종시,차대차,기타,기타,안전운전 의무 불이행,교차로,교차로내,특수차,승용차,976371.0,1833617.0,127.2361523,36.49992405
2019,2019-06-19,9,주,수,1,1,0,1,0,인천,남동구,차대차,측면충돌,측면충돌,교차로 통행방법 위반,교차로,교차로내,이륜차,승용차,931547.0,1939475.0,126.7260598,37.4519347
2019,2019-06-19,11,주,수,2,1,0,0,1,전남,보성군,차대차,측면충돌,측면충돌,안전거리 미확보,교차로,교차로부근,이륜차,승용차,978220.0,1647217.0,127.261842,34.81931581
2019,2019-06-19,15,주,수,1,0,0,0,0,경북,영덕군,차량단독,공작물충돌,공작물충돌,안전운전 의무 불이행,단일로,기타단일로,화물차,없음,1167809.0,1811749.0,129.3686334,36.28846418