발생년,발생년월일,발생시간,주야,요일,사망자수,부상자수,중상자수,경상자수,부상신고자수,발생지시도,발생지시군구,사고유형_대분류,사고유형_중분류,사고유형,가해자법규위반,도로형태_대분류,도로형태,가해자_당사자종별,피해자_당사자종별,발생위치X_UTMK,발생위치Y_UTMK,경도,위도
2019,2019-06-19,17,주,수,1,0,0,0,0,경기,평택시,차대사람,기타,기타,안전운전 의무 불이행,교차로,교차로내,승합차,보행자,960153.0,1897942.0,127.0516961,37.07924225
2019,2019-06-19,21,야,수,1,0,0,0,0,충남,청양군,차대차,추돌,추돌,안전운전 의무 불이행,교차로,교차로부근,이륜차,승용차,949442.0,1820457.0,126.9363242,36.38024484
2019,2019-06-19,22,야,수,1,0,0,0,0,대구,달서구,차대차,측면충돌,측면충돌,안전운전 의무 불이행,단일로,기타단일로,승용차,이륜차,1087929.3,1762284.1,128.4737918,35.85315541
2019,2019-06-20,3,야,목,1,0,0,0,0,부산,연제구,차대사람,횡단중,횡단중,안전운전 의무 불이행,단일로,기타단일로,승용차,보행자,1143427.3,1689403.6,129.0753551,35.1897157
2019,2019-06-20,5,야,목,1,0,0,0,0,대전,중구,차대사람,횡단중,횡단중,보행자 보호의무 위반,교차로,교차로내,건설기계,보행자,994185.0,1812838.0,127.4352236,36.31286869
2019,2019-06-20,6,주,목,1,4,4,0,0,경남,밀양시,차대차,정면충돌,정면충돌,중앙선 침범,단일로,기타단일로,화물차,화물차,1114890.0,1726373.0,128.7671847,35.52665543
2019,2019-06-20,7,주,목,1,0,0,0,0,울산,울주군,차량단독,기타,기타,안전운전 의무 불이행,교차로,교차로부근,건설기계,없음,1148745.0,1730110.0,129.141155,35.55583659
2019,2019-06-20,10,주,목,1,0,0,0,0,제주,제주시,차량단독,기타,기타,안전운전 의무 불이행,단일로,기타단일로,승용차,없음,883789.8,1489295.7,126.2505176,33.3890041
2019,2019-06-20,10,주,목,1,0,0,0,0,대전,서구,차량단독,공작물충돌,공작물충돌,안전운전 의무 불이행,교차로,교차로부근,사륜오토바이(ATV),없음,986909.0,1809421.0,127.3542297,36.28199145
2019,2019-06-20,13,주,목,1,1,0,1,0,부산,강서구,차대차,추돌,추돌,안전운전 의무 불이행,교차로,교차로부근,승용차,화물차,1123473.0,1682184.0,128.8551631,35.12728593
2019,2019-06-20,14,주,목,1,1,0,1,0,경북,칠곡군,차대차,측면충돌,측면충돌,기타,단일로,기타단일로,화물차,화물차,1089700.0,1772040.0,128.4944987,35.94094179
2019,2019-06-20,15,주,목,1,2,2,0,0,경기,남양주시,차대차,정면충돌,정면충돌,중앙선 침범,단일로,기타단일로,승용차,승용차,975836.0,1972381.0,127.2257013,37.75074825
2019,2019-06-20,19,야,목,1,0,0,0,0,경남,함안군,차량단독,기타,기타,안전운전 의무 불이행,교차로,교차로부근,이륜차,없음,1084602.0,1707176.0,128.431173,35.35663035
2019,2019-06-20,20,야,목,1,0,0,0,0,제주,제주시,차대사람,기타,기타,안전운전 의무 불이행,단일로,기타단일로,승용차,보행자,915923.3,1500234.5,126.5949459,33.49065437
2019,2019-06-21,10,주,금,1,0,0,0,0,경남,창원시(통합),차대사람,횡단중,횡단중,안전운전 의무 불이행,단일로,기타단일로,승용차,보행자,1097546.0,1690405.0,128.5716265,35.20425089
2019,2019-06-21,10,주,금,1,0,0,0,0,경남,고성군,차대사람,기타,기타,보행자 보호의무 위반,기타,기타,화물차,보행자,1075413.0,1664891.0,128.3261789,34.97611517
2019,2019-06-21,11,주,금,1,0,0,0,0,충북,충주시,차대사람,횡단중,횡단중,안전운전 의무 불이행,교차로,교차로부근,승용차,보행자,1038071.0,1888204.0,127.9278306,36.99153656
2019,2019-06-21,12,주,금,1,0,0,0,0,경북,영천시,차대사람,횡단중,횡단중,안전운전 의무 불이행,단일로,기타단일로,화물차,보행자,1128803.0,1776162.0,128.9285978,35.97372027
2019,2019-06-21,15,주,금,1,0,0,0,0,서울,서초구,차대사람,기타,기타,안전운전 의무 불이행,단일로,기타단일로,이륜차,보행자,954582.0,1941952.0,126.9863324,37.47567933
2019,2019-06-21,15,주,금,1,0,0,0,0,경기,양평군,차량단독,기타,기타,안전운전 의무 불이행,단일로,기타단일로,건설기계,없음,996425.0,1953712.0,127.4595095,37.58278911
2019,2019-06-21,15,주,금,1,0,0,0,0,충북,음성군,차대사람,기타,기타,안전운전 의무 불이행,단일로,지하차도(도로)내,특수차,보행자,1009183.0,1889273.0,127.6032101,37.00189908
2019,2019-06-21,18,야,금,1,1,0,0,1,전북,순창군,차대차,기타,기타,기타,교차로,교차로내,이륜차,승용차,964040.0,1717197.0,127.1037448,35.44992504
2019,2019-06-21,20,야,금,1,0,0,0,0,광주,서구,차대사람,횡단중,횡단중,안전운전 의무 불이행,단일로,기타단일로,승용차,보행자,942687.0,1683963.0,126.8707832,35.14927085
2019,2019-06-21,22,야,금,1,0,0,0,0,제주,제주시,차대사람,차도통행중,차도통행중,안전운전 의무 불이행,단일로,기타단일로,화물차,보행자,900727.5,1500639.1,126.4313469,33.49300056
2019,2019-06-22,3,야,토,1,1,1,0,0,경기,평택시,차대차,정면충돌,정면충돌,중앙선 침범,단일로,기타단일로,이륜차,승용차,961858.0,1890669.0,127.0712468,37.01375361
2019,2019-06-22,5,야,토,1,0,0,0,0,경기,남양주시,차량단독,전도,전도,안전운전 의무 불이행,단일로,기타단일로,자전거,없음,970023.0,1963833.0,127.1600679,37.67353152
2019,2019-06-22,13,주,토,1,0,0,0,0,경기,평택시,차량단독,공작물충돌,공작물충돌,안전운전 의무 불이행,기타,기타,화물차,없음,964163.0,1894880.0,127.0969561,37.051803
2019,2019-06-22,13,주,토,1,1,1,0,0,전북,부안군,차량단독,공작물충돌,공작물충돌,안전운전 의무 불이행,단일로,기타단일로,화물차,없음,932618.0,1741875.0,126.7554602,35.67078514
2019,2019-06-22,14,주,토,1,1,1,0,0,경남,밀양시,차대차,추돌,추돌,안전운전 의무 불이행,단일로,기타단일로,화물차,화물차,1118085.0,1713198.0,128.8005024,35.40751521
2019,2019-06-22,20,야,토,1,0,0,0,0,강원,양양군,차량단독,기타,기타,안전운전 의무 불이행,단일로,기타단일로,화물차,없음,1095960.0,2009577.0,128.5941636,38.08122216
2019,2019-06-22,20,야,토,1,0,0,0,0,경기,가평군,차량단독,도로이탈,도로이탈 추락,안전운전 의무 불이행,단일로,기타단일로,사륜오토바이(ATV),없음,989167.0,1966628.0,127.3771139,37.69914975
2019,2019-06-22,22,야,토,1,2,1,1,0,경기,여주시,차대차,추돌,추돌,안전운전 의무 불이행,단일로,기타단일로,승용차,승용차,1001456.0,1931036.0,127.5164458,37.37840033
2019,2019-06-22,22,야,토,1,0,0,0,0,충북,제천시,차대사람,횡단중,횡단중,안전운전 의무 불이행,기타,기타,승합차,보행자,1063463.0,1905953.0,128.2146619,37.15014802
2019,2019-06-22,23,야,토,1,0,0,0,0,울산,남구,차대사람,횡단중,횡단중,안전운전 의무 불이행,단일로,기타단일로,승용차,보행자,1163720.0,1728803.0,129.306045,35.54169603
2019,2019-06-23,1,야,일,1,0,0,0,0,충북,청주시,차대사람,기타,기타,과속,단일로,지하차도(도로)내,승용차,보행자,999544.0,1844234.0,127.4949019,36.59592917
2019,2019-06-23,4,야,일,1,0,0,0,0,경남,창원시(통합),차대사람,차도통행중,차도통행중,안전운전 의무 불이행,단일로,기타단일로,화물차,보행자,1097800.0,1692043.0,128.5746111,35.21899361
2019,2019-06-23,7,주,일,1,0,0,0,0,부산,동래구,차대사람,기타,기타,안전운전 의무 불이행,교차로,교차로내,화물차,보행자,1144079.0,1692957.0,129.0831324,35.22165161
2019,2019-06-23,9,주,일,1,0,0,0,0,충남,천안시,차대사람,기타,기타,안전운전 의무 불이행,교차로,교차로내,승합차,보행자,965327.0,1855991.0,127.111825,36.7012854
2019,2019-06-23,9,주,일,1,0,0,0,0,전북,완주군,차대차,기타,기타,안전운전 의무 불이행,교차로,교차로부근,자전거,승용차,969441.0,1770414.0,127.1612364,35.92992365
2019,2019-06-23,10,주,일,1,2,2,0,0,부산,북구,차대사람,기타,기타,안전운전 의무 불이행,교차로,교차로내,승용차,보행자,1138513.0,1691813.0,129.0218006,35.21212396
2019,2019-06-23,11,주,일,1,0,0,0,0,충남,논산시,차량단독,전도,전도,안전운전 의무 불이행,단일로,기타단일로,자전거,없음,971037.0,1799146.0,127.1778747,36.18901171
2019,2019-06-23,18,야,일,1,0,0,0,0,경북,의성군,차량단독,도로이탈,도로이탈 추락,안전거리 미확보,단일로,기타단일로,농기계,없음,1078747.0,1820258.0,128.37791,36.37655474
2019,2019-06-23,23,야,일,1,0,0,0,0,전북,익산시,차대사람,횡단중,횡단중,보행자 보호의무 위반,단일로,기타단일로,승용차,보행자,950818.0,1771405.0,126.9547355,35.93809812
2019,2019-06-24,2,야,월,1,0,0,0,0,강원,원주시,차량단독,전복,전복,안전운전 의무 불이행,교차로,교차로내,승용차,없음,1027739.0,1922998.0,127.8130145,37.30553374
2019,2019-06-24,2,야,월,1,0,0,0,0,경북,경산시,차량단독,공작물충돌,공작물충돌,안전운전 의무 불이행,단일로,기타단일로,이륜차,없음,1109840.5,1759351.5,128.7160044,35.82450913
2019,2019-06-24,6,주,월,1,0,0,0,0,세종,세종시,차대차,측면충돌,측면충돌,안전운전 의무 불이행,교차로,교차로내,승용차,이륜차,980390.0,1830033.0,127.2811201,36.46770456
2019,2019-06-24,8,주,월,2,0,0,0,0,전남,해남군,차대차,측면충돌,측면충돌,교차로 통행방법 위반,교차로,교차로내,화물차,건설기계,912623.7,1628735.4,126.5465364,34.64915715
2019,2019-06-24,8,주,월,1,0,0,0,0,광주,광산구,차대사람,횡단중,횡단중,안전운전 의무 불이행,교차로,교차로부근,승용차,보행자,936412.0,1685738.0,126.80176,35.16489789
2019,2019-06-24,13,주,월,1,0,0,0,0,경기,의왕시,차대차,기타,기타,안전운전 의무 불이행,교차로,교차로횡단보도내,승합차,자전거,952812.0,1929132.0,126.9671342,37.36003881
2019,2019-06-25,0,야,화,1,0,0,0,0,서울,강북구,차대차,정면충돌,정면충돌,중앙선 침범,단일로,기타단일로,자전거,승용차,958316.0,1959613.0,127.0275578,37.63503883
2019,2019-06-25,5,야,화,1,0,0,0,0,경북,울진군,차량단독,기타,기타,안전운전 의무 불이행,단일로,기타단일로,화물차,없음,1173532.0,1871536.0,129.4457942,36.82612793
2019,2019-06-25,6,주,화,1,0,0,0,0,제주,제주시,차대사람,횡단중,횡단중,안전운전 의무 불이행,교차로,교차로부근,화물차,보행자,909984.0,1503168.0,126.5307244,33.5166263
2019,2019-06-25,8,주,화,1,0,0,0,0,대구,달성군,차대차,측면충돌,측면충돌,안전운전 의무 불이행,단일로,기타단일로,이륜차,화물차,1085762.0,1748300.0,128.4482936,35.7272806
2019,2019-06-25,9,주,화,1,0,0,0,0,인천,강화군,차대사람,횡단중,횡단중,과속,단일로,기타단일로,승용차,보행자,911163.0,1960176.0,126.4931177,37.63676263
2019,2019-06-25,10,주,화,1,0,0,0,0,충북,음성군,차대사람,기타,기타,안전운전 의무 불이행,교차로,교차로내,승합차,보행자,1016876.0,1881778.0,127.6895058,36.93422926
2019,2019-06-25,10,주,화,1,0,0,0,0,광주,남구,차대사람,횡단중,횡단중,안전운전 의무 불이행,교차로,교차로내,화물차,보행자,946253.3,1682319.7,126.9100412,35.13465061
2019,2019-06-25,14,주,화,1,1,1,0,0,제주,서귀포시,차량단독,기타,기타,안전운전 의무 불이행,단일로,기타단일로,이륜차,없음,888200.5,1480199.9,126.2990587,33.3074476
2019,2019-06-26,8,주,수,1,1,0,1,0,충북,청주시,차대차,기타,기타,신호위반,교차로,교차로내,이륜차,승용차,1005401.0,1849667.0,127.5604219,36.64489249
2019,2019-06-26,10,주,수,1,0,0,0,0,경북,경주시,차량단독,도로이탈,도로이탈 기타,안전운전 의무 불이행,단일로,기타단일로,원동기장치자전거,없음,1176399.0,1742828.0,129.4489046,35.66590439
2019,2019-06-26,12,주,수,1,0,0,0,0,충북,보은군,차대사람,기타,기타,안전운전 의무 불이행,단일로,지하차도(도로)내,승용차,보행자,1028620.0,1831497.0,127.8194993,36.48067585
2019,2019-06-26,12,주,수,1,1,1,0,0,전남,보성군,차대차,측면충돌,측면충돌,신호위반,교차로,교차로내,승용차,승용차,959965.0,1630509.0,127.0630268,34.66809599
2019,2019-06-26,15,주,수,1,0,0,0,0,충남,계룡시,차대사람,횡단중,횡단중,과속,교차로,교차로횡단보도내,화물차,보행자,977663.0,1809103.0,127.2512839,36.27895473
2019,2019-06-26,16,주,수,1,1,1,0,0,강원,강릉시,차대차,기타,기타,안전운전 의무 불이행,단일로,기타단일로,승용차,승용차,1111936.8,1967069.0,128.7697014,37.69635226
2019,2019-06-26,18,야,수,1,0,0,0,0,경기,하남시,차량단독,공작물충돌,공작물충돌,안전운전 의무 불이행,단일로,기타단일로,승용차,없음,973465.0,1951755.0,127.1995372,37.5647742
2019,2019-06-26,21,야,수,1,0,0,0,0,경남,밀양시,차대사람,횡단중,횡단중,안전운전 의무 불이행,교차로,교차로횡단보도내,승용차,보행자,1112699.0,1723135.0,128.7425742,35.49771776
2019,2019-06-26,22,야,수,1,0,0,0,0,서울,동대문구,차대사람,기타,기타,과속,단일로,기타단일로,승용차,보행자,958110.0,1952912.0,127.0256069,37.57463202
2019,2019-06-26,23,야,수,1,1,0,1,0,대구,달성군,차대차,정면충돌,정면충돌,신호위반,교차로,교차로내,승용차,승합차,1086775.5,1742853.5,128.4589106,35.67809089
2019,2019-06-27,0,야,목,1,0,0,0,0,강원,속초시,차대사람,횡단중,횡단중,안전운전 의무 불이행,단일로,지하차도(도로)내,승합차,보행자,1094735.0,2021578.0,128.5817935,38.18949338
2019,2019-06-27,4,야,목,1,0,0,0,0,서울,영등포구,차대사람,횡단중,횡단중,안전운전 의무 불이행,단일로,기타단일로,승용차,보행자,947538.0,1946496.0,126.9063458,37.51626208
2019,2019-06-27,5,야,목,1,0,0,0,0,경북,성주군,차대사람,기타,기타,안전운전 의무 불이행,단일로,기타단일로,화물차,보행자,1077728.0,1766082.0,128.361198,35.88825639
2019,2019-06-27,8,주,목,1,0,0,0,0,경북,구미시,차대사람,기타,기타,신호위반,교차로,교차로내,화물차,보행자,1068448.0,1805739.0,128.2618271,36.24645929
2019,2019-06-27,14,주,목,1,0,0,0,0,충남,논산시,차대차,측면충돌,측면충돌,교차로 통행방법 위반,교차로,교차로내,자전거,화물차,972006.0,1803162.0,127.1885083,36.22524647
2019,2019-06-27,15,주,목,1,0,0,0,0,부산,사하구,차대사람,횡단중,횡단중,보행자 보호의무 위반,교차로,교차로횡단보도내,승용차,보행자,1133906.0,1680014.0,128.9692858,35.10639067
2019,2019-06-27,15,주,목,1,0,0,0,0,경북,경주시,차량단독,도로이탈,도로이탈 추락,안전운전 의무 불이행,교차로,교차로내,농기계,없음,1158762.0,1760715.0,129.2576742,35.83009921
2019,2019-06-27,16,주,목,1,0,0,0,0,전남,담양군,차대차,기타,기타,과속,단일로,기타단일로,화물차,이륜차,952478.0,1701805.0,126.9772394,35.31065772
2019,2019-06-27,16,주,목,1,0,0,0,0,경북,상주시,차대사람,횡단중,횡단중,안전운전 의무 불이행,단일로,기타단일로,승용차,보행자,1056470.0,1830779.0,128.1303375,36.47296594
2019,2019-06-27,20,야,목,1,0,0,0,0,경기,파주시,차대사람,횡단중,횡단중,신호위반,교차로,교차로횡단보도내,원동기장치자전거,보행자,933994.0,1969747.0,126.7509947,37.72494695
2019,2019-06-28,5,야,금,1,0,0,0,0,경남,창원시(통합),차대사람,횡단중,횡단중,안전운전 의무 불이행,단일로,기타단일로,승용차,보행자,1102816.0,1695025.0,128.6300896,35.24537562
2019,2019-06-28,6,주,금,1,0,0,0,0,충남,논산시,차량단독,공작물충돌,공작물충돌,안전운전 의무 불이행,단일로,기타단일로,화물차,없음,971002.0,1805458.0,127.1772518,36.24591633
2019,2019-06-28,8,주,금,1,0,0,0,0,광주,남구,차대사람,횡단중,횡단중,보행자 보호의무 위반,교차로,교차로횡단보도내,승용차,보행자,946949.0,1682180.4,126.9176863,35.1334315
2019,2019-06-28,10,주,금,1,0,0,0,0,전남,해남군,차량단독,기타,기타,안전운전 의무 불이행,단일로,기타단일로,건설기계,없음,902587.0,1619440.0,126.4380978,34.56443998
2019,2019-06-28,12,주,금,1,0,0,0,0,경기,양평군,차량단독,전도,전도,안전운전 의무 불이행,단일로,기타단일로,화물차,없음,1015741.0,1935480.0,127.677892,37.41832506
2019,2019-06-28,13,주,금,1,0,0,0,0,전남,무안군,차량단독,공작물충돌,공작물충돌,안전운전 의무 불이행,단일로,기타단일로,승용차,없음,895985.0,1674752.0,126.3592883,35.06248232
2019,2019-06-28,20,야,금,1,0,0,0,0,충남,천안시,차대사람,횡단중,횡단중,안전운전 의무 불이행,단일로,기타단일로,승용차,보행자,966070.0,1875937.0,127.1192542,36.8811164
2019,2019-06-28,22,야,금,1,0,0,0,0,울산,울주군,차량단독,공작물충돌,공작물충돌,안전운전 의무 불이행,교차로,교차로부근,승용차,없음,1153268.0,1745468.0,129.1939574,35.69356205
2019,2019-06-29,2,야,토,1,0,0,0,0,경기,의정부시,차대사람,횡단중,횡단중,과속,단일로,기타단일로,승용차,보행자,964375.0,1970918.0,127.0956755,37.73718755
2019,2019-06-29,4,야,토,1,1,0,1,0,경기,하남시,차량단독,공작물충돌,공작물충돌,안전운전 의무 불이행,단일로,기타단일로,이륜차,없음,975058.0,1949991.0,127.217635,37.54891896
2019,2019-06-29,12,주,토,1,2,1,1,0,경기,포천시,차대차,기타,기타,안전운전 의무 불이행,교차로,교차로내,승용차,승용차,983364.0,1993671.0,127.3106652,37.94280474
2019,2019-06-29,16,주,토,1,1,0,1,0,전남,순천시,차량단독,전복,전복,안전운전 의무 불이행,단일로,기타단일로,승용차,없음,979687.0,1673449.0,127.2772444,35.05589232
2019,2019-06-29,18,야,토,1,3,2,1,0,경남,거제시,차대차,정면충돌,정면충돌,중앙선 침범,단일로,기타단일로,승용차,승용차,1098329.0,1655421.0,128.5760823,34.88876672
2019,2019-06-29,21,야,토,1,0,0,0,0,충남,아산시,차대사람,횡단중,횡단중,안전운전 의무 불이행,교차로,교차로횡단보도내,화물차,보행자,956680.0,1864193.0,127.0145566,36.77486738
2019,2019-06-30,3,야,일,1,0,0,0,0,서울,중랑구,차대사람,횡단중,횡단중,안전운전 의무 불이행,단일로,기타단일로,승용차,보행자,964415.0,1954525.0,127.0969292,37.58943584
2019,2019-06-30,6,주,일,1,0,0,0,0,경기,파주시,차량단독,공작물충돌,공작물충돌,안전운전 의무 불이행,교차로,교차로부근,승용차,없음,934195.0,1972882.0,126.7529914,37.75321571
2019,2019-06-30,7,주,일,1,0,0,0,0,대구,중구,차대사람,횡단중,횡단중,안전운전 의무 불이행,단일로,기타단일로,승용차,보행자,1097938.0,1763765.0,128.5848003,35.86555568
2019,2019-06-30,16,주,일,1,1,1,0,0,경북,상주시,차대차,측면충돌,측면충돌,안전운전 의무 불이행,교차로,교차로내,승용차,승용차,1060365.0,1825362.0,128.1733901,36.42389606
2019,2019-06-30,21,야,일,1,0,0,0,0,경남,창원시(통합),차대사람,차도통행중,차도통행중,과속,단일로,기타단일로,승용차,보행자,1109847.0,1690911.0,128.7068058,35.20754127
2019,2019-07-01,0,야,월,1,0,0,0,0,경북,구미시,차량단독,공작물충돌,공작물충돌,안전운전 의무 불이행,교차로,교차로내,승용차,없음,1078841.0,1787733.0,128.3756825,36.08334921
2019,2019-07-01,4,야,월,1,0,0,0,0,충북,음성군,차대차,추돌,추돌,안전운전 의무 불이행,단일로,기타단일로,승용차,농기계,995646.0,1887642.0,127.4510737,36.98723132
2019,2019-07-01,8,주,월,1,0,0,0,0,강원,강릉시,차대차,측면충돌,측면충돌,안전운전 의무 불이행,교차로,교차로내,이륜차,승용차,1122249.0,1972093.0,128.887487,37.74030458
2019,2019-07-01,8,주,월,1,0,0,0,0,경남,거제시,차대차,측면충돌,측면충돌,안전운전 의무 불이행,단일로,기타단일로,특수차,특수차,1108792.0,1653400.0,128.6903025,34.86947865
2019,2019-07-01,9,주,월,1,0,0,0,0,전남,장성군,차대차,기타,기타,안전운전 의무 불이행,교차로,교차로내,화물차,이륜차,933968.9,1700748.2,126.7737297,35.30007782
2019,2019-07-01,11,주,월,1,1,0,1,0,전남,보성군,차대차,정면충돌,정면충돌,신호위반,교차로,교차로내,이륜차,승용차,968550.0,1642437.0,127.1562837,34.77595887
2019,2019-07-01,12,주,월,1,0,0,0,0,세종,세종시,차대차,추돌,추돌,안전운전 의무 불이행,단일로,기타단일로,화물차,농기계,978506.0,1850784.0,127.2595126,36.65473476
2019,2019-07-01,16,주,월,1,2,0,2,0,경기,시흥시,차대차,추돌,추돌,과속,단일로,기타단일로,이륜차,승용차,925438.0,1925547.0,126.6584016,37.32593111
2019,2019-07-01,17,주,월,1,0,0,0,0,경북,영천시,차대사람,횡단중,횡단중,보행자 보호의무 위반,교차로,교차로내,승용차,보행자,1133563.0,1781325.0,128.9822476,36.0196139
2019,2019-07-01,20,야,월,1,0,0,0,0,충남,논산시,차대차,측면충돌,측면충돌,중앙선 침범,교차로,교차로부근,화물차,승용차,967281.0,1799825.0,127.136073,36.19501352
2019,2019-07-02,15,주,화,1,0,0,0,0,경기,평택시,차량단독,전복,전복,안전운전 의무 불이행,기타,기타,농기계,없음,954499.0,1890868.0,126.9885152,37.01521974
2019,2019-07-02,19,야,화,1,0,0,0,0,경기,안산시,차대사람,횡단중,횡단중,보행자 보호의무 위반,교차로,교차로횡단보도내,승합차,보행자,944375.0,1921430.0,126.8724426,37.29015011
2019,2019-07-02,20,야,화,1,0,0,0,0,전북,부안군,차대차,기타,기타,안전운전 의무 불이행,단일로,기타단일로,승용차,농기계,933267.0,1751333.0,126.761845,35.75609905
2019,2019-07-03,7,주,수,1,0,0,0,0,강원,춘천시,차량단독,공작물충돌,공작물충돌,안전운전 의무 불이행,단일로,기타단일로,화물차,없음,1025350.0,1972755.0,127.7877746,37.75408707
2019,2019-07-03,10,주,수,1,1,1,0,0,경기,안성시,차대차,추돌,추돌,안전운전 의무 불이행,기타,기타,화물차,화물차,974979.0,1900859.0,127.2183983,37.10604979
2019,2019-07-03,17,주,수,1,1,1,0,0,대전,대덕구,차대차,기타,기타,기타,교차로,교차로내,이륜차,승용차,993006.0,1827840.0,127.421955,36.44810931
2019,2019-07-03,20,야,수,1,0,0,0,0,부산,해운대구,차대사람,횡단중,횡단중,안전운전 의무 불이행,단일로,기타단일로,승합차,보행자,1147561.0,1689332.0,129.1207295,35.18847129
2019,2019-07-03,21,야,수,1,0,0,0,0,경북,칠곡군,차대사람,횡단중,횡단중,안전운전 의무 불이행,단일로,기타단일로,화물차,보행자,1082229.0,1776733.0,128.4121645,35.98390615
2019,2019-07-03,22,야,수,1,0,0,0,0,대구,달서구,차대사람,기타,기타,안전운전 의무 불이행,단일로,기타단일로,승용차,보행자,1096016.0,1762198.0,128.5633261,35.85162013
2019,2019-07-04,7,주,목,1,13,2,10,1,경남,양산시,차대차,추돌,추돌,안전운전 의무 불이행,단일로,기타단일로,승용차,승용차,1140700.0,1709364.0,129.0488319,35.37001922
2019,2019-07-04,14,주,목,1,0,0,0,0,강원,정선군,차량단독,공작물충돌,공작물충돌,안전운전 의무 불이행,단일로,기타단일로,승용차,없음,1108243.0,1919275.0,128.7207831,37.266094
2019,2019-07-05,5,야,금,1,0,0,0,0,경남,김해시,차대차,측면충돌,측면충돌,안전운전 의무 불이행,교차로,교차로부근,이륜차,승용차,1126477.0,1694145.0,128.8899594,35.23473544
2019,2019-07-05,12,주,금,1,0,0,0,0,대구,수성구,차대사람,기타,기타,안전운전 의무 불이행,교차로,교차로내,화물차,보행자,1105569.0,1759838.0,128.6687894,35.82936367
2019,2019-07-05,13,주,금,1,0,0,0,0,강원,강릉시,차대차,측면충돌,측면충돌,기타,단일로,기타단일로,승용차,승용차,1124106.2,1975671.1,128.9091713,37.77229522
2019,2019-07-05,16,주,금,1,0,0,0,0,전남,나주시,차량단독,전도,전도,안전운전 의무 불이행,단일로,기타단일로,건설기계,없음,932673.7,1667278.4,126.762214,34.99821209
2019,2019-07-05,18,야,금,1,0,0,0,0,경기,양주시,차량단독,공작물충돌,공작물충돌,안전운전 의무 불이행,교차로,교차로부근,승용차,없음,955534.0,1988368.0,126.9942663,37.89407461
2019,2019-07-05,20,야,금,1,0,0,0,0,대전,중구,차대사람,횡단중,횡단중,안전운전 의무 불이행,교차로,교차로내,승용차,보행자,991952.0,1814079.0,127.4103362,36.3240408
2019,2019-07-05,21,야,금,1,0,0,0,0,서울,광진구,차대사람,기타,기타,안전운전 의무 불이행,단일로,기타단일로,승합차,보행자,963085.0,1950840.0,127.0820503,37.55616937
2019,2019-07-05,21,야,금,1,0,0,0,0,경북,구미시,차대사람,횡단중,횡단중,보행자 보호의무 위반,교차로,교차로내,승용차,보행자,1073142.4,1795035.6,128.3130729,36.14962686
2019,2019-07-05,22,야,금,1,0,0,0,0,경남,창원시(통합),차대사람,횡단중,횡단중,안전운전 의무 불이행,교차로,교차로횡단보도내,승용차,보행자,1097231.0,1689103.0,128.5680128,35.19254319
2019,2019-07-06,3,야,토,1,0,0,0,0,충북,진천군,차량단독,전복,전복,안전운전 의무 불이행,단일로,교량위,승용차,없음,999086.0,1868192.0,127.4897528,36.81190733
2019,2019-07-06,3,야,토,1,0,0,0,0,충남,천안시,차대차,추돌,추돌,안전운전 의무 불이행,단일로,기타단일로,승용차,화물차,974027.0,1862966.0,127.2089857,36.76444078
2019,2019-07-06,8,주,토,1,0,0,0,0,경기,평택시,차량단독,도로이탈,도로이탈 추락,안전운전 의무 불이행,단일로,기타단일로,이륜차,없음,956806.0,1893338.0,127.014306,37.03759342
2019,2019-07-06,9,주,토,1,0,0,0,0,부산,해운대구,차대사람,횡단중,횡단중,안전운전 의무 불이행,교차로,교차로부근,승합차,보행자,1148150.0,1692829.0,129.1278254,35.21990473
2019,2019-07-06,9,주,토,1,0,0,0,0,충남,예산군,차대차,측면충돌,측면충돌,신호위반,교차로,교차로내,이륜차,화물차,938130.1,1854327.4,126.8074975,36.68490732
2019,2019-07-06,10,주,토,1,0,0,0,0,경북,포항시,차대차,정면충돌,정면충돌,중앙선 침범,단일로,기타단일로,화물차,건설기계,1166857.0,1802167.0,129.3559942,36.20228762
2019,2019-07-06,12,주,토,1,2,0,1,1,경기,의정부시,차대차,정면충돌,정면충돌,중앙선 침범,단일로,기타단일로,승용차,승용차,959034.0,1972377.0,127.0349774,37.75011401
2019,2019-07-06,13,주,토,1,0,0,0,0,대전,동구,차량단독,전도,전도,안전운전 의무 불이행,단일로,지하차도(도로)내,자전거,없음,993704.0,1816073.0,127.4298393,36.34203063