발생년,발생년월일,발생시간,주야,요일,사망자수,부상자수,중상자수,경상자수,부상신고자수,발생지시도,발생지시군구,사고유형_대분류,사고유형_중분류,사고유형,가해자법규위반,도로형태_대분류,도로형태,가해자_당사자종별,피해자_당사자종별,발생위치X_UTMK,발생위치Y_UTMK,경도,위도
2019,2019-07-06,16,주,토,1,0,0,0,0,경기,김포시,차량단독,공작물충돌,공작물충돌,안전운전 의무 불이행,단일로,기타단일로,이륜차,없음,916443.0,1965065.0,126.5523938,37.68131873
2019,2019-07-07,0,야,일,1,0,0,0,0,경남,사천시,차대차,기타,기타,안전운전 의무 불이행,교차로,교차로부근,승용차,원동기장치자전거,1053444.0,1676313.0,128.0862483,35.08050548
2019,2019-07-07,3,야,일,1,0,0,0,0,부산,사상구,차량단독,기타,기타,안전운전 의무 불이행,단일로,기타단일로,이륜차,없음,1136515.0,1685258.0,128.9987705,35.15331061
2019,2019-07-07,4,야,일,1,0,0,0,0,경기,의왕시,차대차,추돌,추돌,안전운전 의무 불이행,단일로,기타단일로,승용차,화물차,952462.0,1924974.0,126.9634487,37.32254276
2019,2019-07-07,7,주,일,1,0,0,0,0,충남,천안시,차대차,기타,기타,안전운전 의무 불이행,단일로,기타단일로,승용차,승용차,982651.0,1858839.0,127.3057064,36.72743396
2019,2019-07-07,9,주,일,1,0,0,0,0,경기,남양주시,차대사람,횡단중,횡단중,신호위반,교차로,교차로횡단보도내,승용차,보행자,973442.0,1968211.0,127.1986784,37.71309688
2019,2019-07-07,11,주,일,1,0,0,0,0,전남,장성군,차량단독,기타,기타,안전운전 의무 불이행,단일로,기타단일로,이륜차,없음,937276.0,1718261.0,126.8087564,35.45819001
2019,2019-07-07,15,주,일,1,5,2,3,0,충북,청주시,차대차,추돌,추돌,안전운전 의무 불이행,단일로,기타단일로,화물차,화물차,992886.0,1847235.5,127.420437,36.62296131
2019,2019-07-07,17,주,일,1,1,1,0,0,경남,거창군,차대차,측면충돌,측면충돌,안전운전 의무 불이행,단일로,기타단일로,화물차,화물차,1038638.0,1728299.0,127.9262929,35.54992516
2019,2019-07-08,0,야,월,1,2,1,1,0,광주,북구,차대차,추돌,추돌,안전운전 의무 불이행,단일로,기타단일로,승용차,화물차,949028.0,1688014.2,126.9401451,35.18614104
2019,2019-07-08,11,주,월,2,1,1,0,0,충북,보은군,차량단독,기타,기타,안전운전 의무 불이행,단일로,지하차도(도로)내,승용차,없음,1027701.0,1826927.0,127.8090767,36.43950379
2019,2019-07-08,17,주,월,1,1,1,0,0,충남,당진시,차대차,정면충돌,정면충돌,중앙선 침범,단일로,기타단일로,화물차,승용차,920881.0,1875818.0,126.6122175,36.87733749
2019,2019-07-08,17,주,월,1,0,0,0,0,인천,서구,차대사람,기타,기타,안전운전 의무 불이행,기타,기타,화물차,보행자,926288.0,1945982.0,126.6659547,37.51017628
2019,2019-07-08,18,야,월,1,0,0,0,0,경기,고양시,차대차,측면충돌,측면충돌,안전운전 의무 불이행,교차로,교차로내,승용차,자전거,932245.0,1965399.0,126.7315541,37.68563267
2019,2019-07-09,2,야,화,1,0,0,0,0,서울,강동구,차대사람,횡단중,횡단중,과속,교차로,교차로내,승용차,보행자,967148.0,1947238.0,127.1282117,37.52385693
2019,2019-07-09,5,야,화,1,1,0,1,0,인천,동구,차대차,정면충돌,정면충돌,신호위반,교차로,교차로내,원동기장치자전거,승용차,924655.3,1944007.1,126.647685,37.49224528
2019,2019-07-09,6,주,화,3,1,1,0,0,전북,정읍시,차대차,측면충돌,측면충돌,신호위반,교차로,교차로내,특수차,화물차,954875.0,1733782.0,127.0018324,35.59908695
2019,2019-07-09,9,주,화,1,0,0,0,0,강원,춘천시,차량단독,전도,전도,안전운전 의무 불이행,교차로,교차로내,사륜오토바이(ATV),없음,1020922.0,1991427.0,127.7380483,37.92249114
2019,2019-07-09,9,주,화,1,0,0,0,0,전남,나주시,차대차,측면충돌,측면충돌,안전운전 의무 불이행,교차로,교차로부근,화물차,자전거,938173.0,1672069.0,126.822117,35.04175915
2019,2019-07-09,10,주,화,1,0,0,0,0,충북,음성군,차대사람,횡단중,횡단중,안전운전 의무 불이행,교차로,교차로부근,승합차,보행자,1008535.0,1888781.0,127.5959215,36.9974701
2019,2019-07-09,12,주,화,1,0,0,0,0,부산,부산진구,차대차,측면충돌,측면충돌,안전운전 의무 불이행,교차로,교차로내,이륜차,승용차,1141232.0,1685796.0,129.0506329,35.15750849
2019,2019-07-09,18,야,화,1,0,0,0,0,전북,익산시,차대차,기타,기타,안전운전 의무 불이행,교차로,교차로부근,승용차,이륜차,956441.0,1774736.0,127.0168909,35.96839637
2019,2019-07-10,7,주,수,1,0,0,0,0,경기,양평군,차대차,기타,기타,안전운전 의무 불이행,단일로,기타단일로,화물차,승합차,1005587.0,1942714.0,127.5631947,37.48364741
2019,2019-07-10,8,주,수,1,0,0,0,0,전북,정읍시,차량단독,전도,전도,안전운전 의무 불이행,단일로,기타단일로,자전거,없음,953513.6,1734444.5,126.9867653,35.60499711
2019,2019-07-10,9,주,수,1,0,0,0,0,경기,성남시,차대사람,기타,기타,안전운전 의무 불이행,교차로,교차로내,승용차,보행자,968405.0,1938294.0,127.1428209,37.44328396
2019,2019-07-10,10,주,수,1,0,0,0,0,경남,창원시(통합),차대사람,차도통행중,차도통행중,안전운전 의무 불이행,교차로,교차로내,건설기계,보행자,1096963.0,1692353.0,128.5654522,35.22186971
2019,2019-07-10,13,주,수,1,0,0,0,0,충북,음성군,차량단독,공작물충돌,공작물충돌,안전운전 의무 불이행,단일로,기타단일로,화물차,없음,998428.0,1892169.0,127.4823258,37.02804836
2019,2019-07-10,18,야,수,1,0,0,0,0,인천,부평구,차대사람,차도통행중,차도통행중,안전운전 의무 불이행,단일로,기타단일로,승용차,보행자,928534.0,1947202.0,126.691247,37.52134853
2019,2019-07-10,21,야,수,1,0,0,0,0,경남,통영시,차량단독,공작물충돌,공작물충돌,안전운전 의무 불이행,단일로,기타단일로,승용차,없음,1081594.0,1652155.0,128.3926429,34.86080191
2019,2019-07-10,21,야,수,1,0,0,0,0,대전,대덕구,차대차,정면충돌,정면충돌,신호위반,교차로,교차로내,승용차,원동기장치자전거,992849.0,1817940.0,127.4202943,36.35885642
2019,2019-07-10,23,야,수,1,0,0,0,0,강원,강릉시,차량단독,공작물충돌,공작물충돌,안전운전 의무 불이행,단일로,기타단일로,승용차,없음,1121155.0,1972791.0,128.8751901,37.74673953
2019,2019-07-11,2,야,목,1,0,0,0,0,전북,익산시,차대사람,횡단중,횡단중,안전운전 의무 불이행,단일로,기타단일로,승용차,보행자,952429.0,1772744.0,126.9725152,35.95024987
2019,2019-07-11,4,야,목,1,0,0,0,0,대구,동구,차대사람,횡단중,횡단중,안전운전 의무 불이행,기타,기타,승용차,보행자,1103702.2,1766428.7,128.6489824,35.88897368
2019,2019-07-11,8,주,목,1,1,0,1,0,전북,무주군,차대차,측면충돌,측면충돌,과속,단일로,기타단일로,승용차,승용차,1015294.0,1779263.0,127.6697142,36.01006403
2019,2019-07-11,10,주,목,1,0,0,0,0,경북,안동시,차대차,측면충돌,측면충돌,안전운전 의무 불이행,단일로,기타단일로,자전거,승합차,1115901.0,1837907.0,128.7946824,36.53186291
2019,2019-07-12,6,주,금,1,0,0,0,0,울산,울주군,차대차,측면충돌,측면충돌,신호위반,교차로,교차로내,이륜차,화물차,1147002.0,1730947.0,129.1220828,35.56364066
2019,2019-07-12,7,주,금,1,0,0,0,0,충북,충주시,차대차,측면충돌,측면충돌,안전운전 의무 불이행,단일로,기타단일로,개인형이동수단(PM),화물차,1022169.0,1888024.0,127.7491254,36.99042351
2019,2019-07-12,8,주,금,1,0,0,0,0,강원,인제군,차대사람,보도통행중,보도통행중,중앙선 침범,교차로,교차로부근,승용차,보행자,1059612.0,2008371.0,128.1796477,38.07348138
2019,2019-07-12,12,주,금,1,1,0,0,1,경기,평택시,차대차,추돌,추돌,안전운전 의무 불이행,단일로,기타단일로,화물차,화물차,952756.0,1892945.0,126.9687923,37.03385577
2019,2019-07-12,20,야,금,1,0,0,0,0,경남,창원시(통합),차대차,측면충돌,측면충돌,안전운전 의무 불이행,교차로,교차로내,승용차,이륜차,1106534.0,1684729.0,128.6696165,35.15216604
2019,2019-07-12,22,야,금,1,0,0,0,0,경기,김포시,차대사람,기타,기타,안전운전 의무 불이행,단일로,기타단일로,승용차,보행자,925883.0,1962778.0,126.6596725,37.66151888
2019,2019-07-13,0,야,토,1,0,0,0,0,대구,달성군,차량단독,공작물충돌,공작물충돌,안전운전 의무 불이행,단일로,기타단일로,승용차,없음,1085566.0,1738240.0,128.4450565,35.63660484
2019,2019-07-13,7,주,토,1,0,0,0,0,서울,중랑구,차량단독,공작물충돌,공작물충돌,안전운전 의무 불이행,교차로,교차로부근,이륜차,없음,964097.0,1953602.0,127.0933725,37.58110421
2019,2019-07-13,15,주,토,1,1,1,0,0,인천,계양구,차대차,측면충돌,측면충돌,신호위반,교차로,교차로내,승용차,건설기계,933082.0,1952165.0,126.7422581,37.56642031
2019,2019-07-13,16,주,토,1,0,0,0,0,전남,함평군,차대차,측면충돌,측면충돌,중앙선 침범,단일로,기타단일로,화물차,이륜차,910511.0,1674410.0,126.5186065,35.06079231
2019,2019-07-13,19,야,토,1,0,0,0,0,강원,양양군,차대차,추돌,추돌,안전운전 의무 불이행,기타,기타,화물차,특수차,1106343.0,2003702.0,128.7116572,38.02712199
2019,2019-07-14,1,야,일,1,0,0,0,0,전남,무안군,차량단독,공작물충돌,공작물충돌,안전운전 의무 불이행,단일로,기타단일로,화물차,없음,898329.0,1666540.0,126.385995,34.98868446
2019,2019-07-14,1,야,일,1,3,0,3,0,대구,달성군,차대차,기타,기타,중앙선 침범,단일로,기타단일로,승용차,승합차,1089745.0,1757932.0,128.4934083,35.81375731
2019,2019-07-14,5,야,일,1,2,2,0,0,경남,거제시,차대차,기타,기타,신호위반,교차로,교차로내,이륜차,승용차,1102879.0,1654833.0,128.6257954,34.88301446
2019,2019-07-14,5,야,일,1,0,0,0,0,인천,부평구,차대차,기타,기타,안전운전 의무 불이행,교차로,교차로부근,자전거,승용차,933076.3,1946660.9,126.7426955,37.51681247
2019,2019-07-14,21,야,일,1,0,0,0,0,충북,증평군,차대차,정면충돌,정면충돌,신호위반,교차로,교차로내,승용차,이륜차,1007252.0,1865384.0,127.5812784,36.78656663
2019,2019-07-15,4,야,월,1,0,0,0,0,경기,화성시,차량단독,공작물충돌,공작물충돌,안전운전 의무 불이행,단일로,기타단일로,승용차,없음,946011.0,1905929.0,126.8920214,37.15052697
2019,2019-07-15,9,주,월,1,0,0,0,0,충남,보령시,차대차,측면충돌,측면충돌,기타,단일로,기타단일로,자전거,승용차,918602.0,1827791.0,126.5917485,36.4442378
2019,2019-07-15,9,주,월,1,0,0,0,0,경남,창원시(통합),차대사람,차도통행중,차도통행중,안전운전 의무 불이행,단일로,기타단일로,화물차,보행자,1109296.0,1691896.0,128.7008844,35.21648137
2019,2019-07-15,13,주,월,1,0,0,0,0,부산,부산진구,차대차,기타,기타,신호위반,교차로,교차로내,자전거,승합차,1141435.0,1686651.0,129.0530075,35.16518681
2019,2019-07-15,21,야,월,2,1,1,0,0,강원,삼척시,차대사람,차도통행중,차도통행중,안전운전 의무 불이행,단일로,기타단일로,화물차,보행자,1151035.0,1906127.8,129.2005712,37.1416771
2019,2019-07-15,21,야,월,1,0,0,0,0,충남,서산시,차대차,추돌,추돌,과속,단일로,기타단일로,승용차,이륜차,911908.0,1865718.0,126.5127163,36.78550799
2019,2019-07-15,21,야,월,1,0,0,0,0,전북,순창군,차대차,추돌,추돌,안전운전 의무 불이행,교차로,교차로부근,이륜차,승합차,967523.4,1707713.3,127.1425066,35.36453365
2019,2019-07-16,2,야,화,1,0,0,0,0,부산,사하구,차대사람,기타,기타,신호위반,교차로,교차로부근,승합차,보행자,1133575.7,1679842.7,128.965635,35.10489038
2019,2019-07-16,2,야,화,1,1,1,0,0,대전,중구,차대차,기타,기타,신호위반,교차로,교차로부근,화물차,승용차,991320.0,1814711.0,127.4032879,36.32973307
2019,2019-07-16,4,야,화,1,2,0,2,0,인천,계양구,차대차,추돌,추돌,안전거리 미확보,단일로,기타단일로,승용차,승용차,936253.0,1953761.0,126.7780232,37.58102979
2019,2019-07-16,5,야,화,1,0,0,0,0,경북,울진군,차대사람,횡단중,횡단중,안전운전 의무 불이행,교차로,교차로내,건설기계,보행자,1170694.0,1877847.0,129.415407,36.88350395
2019,2019-07-16,11,주,화,1,0,0,0,0,경북,경산시,차대차,정면충돌,정면충돌,안전운전 의무 불이행,단일로,지하차도(도로)내,자전거,이륜차,1117829.0,1767986.0,128.8056984,35.90141168
2019,2019-07-16,12,주,화,1,2,2,0,0,경북,군위군,차대차,추돌,추돌,안전운전 의무 불이행,단일로,기타단일로,승용차,승용차,1096334.0,1808246.0,128.5724656,36.26667845
2019,2019-07-17,0,야,수,1,0,0,0,0,경기,광주시,차대차,추돌,추돌,과속,단일로,기타단일로,화물차,개인형이동수단(PM),981525.0,1941362.0,127.2910634,37.47129306
2019,2019-07-17,0,야,수,2,2,1,1,0,충남,공주시,차대차,추돌,추돌,안전운전 의무 불이행,기타,기타,화물차,화물차,965548.0,1844726.0,127.1148052,36.59974221
2019,2019-07-17,6,주,수,1,0,0,0,0,경남,창녕군,차대차,측면충돌,측면충돌,안전운전 의무 불이행,단일로,기타단일로,자전거,화물차,1088440.0,1711403.0,128.4738684,35.39440637
2019,2019-07-17,7,주,수,1,1,0,1,0,전북,임실군,차대차,추돌,추돌,안전운전 의무 불이행,단일로,기타단일로,화물차,건설기계,982572.6,1736679.0,127.307541,35.62608376
2019,2019-07-17,8,주,수,1,0,0,0,0,대전,유성구,차대사람,기타,기타,안전운전 의무 불이행,단일로,기타단일로,승용차,보행자,986352.0,1816611.0,127.3479016,36.34680473
2019,2019-07-17,12,주,수,1,4,1,3,0,경기,평택시,차대차,추돌,추돌,안전운전 의무 불이행,교차로,교차로부근,승용차,화물차,952476.0,1889863.0,126.9658386,37.00606047
2019,2019-07-17,14,주,수,1,0,0,0,0,전남,해남군,차대차,측면충돌,측면충돌,중앙선 침범,단일로,기타단일로,화물차,이륜차,918412.0,1616966.0,126.6108239,34.54351055
2019,2019-07-17,14,주,수,1,0,0,0,0,인천,강화군,차량단독,공작물충돌,공작물충돌,안전운전 의무 불이행,기타,기타,승용차,없음,911924.0,1973632.0,126.5001143,37.75810126
2019,2019-07-17,17,주,수,1,0,0,0,0,충북,청주시,차대사람,횡단중,횡단중,안전운전 의무 불이행,단일로,지하차도(도로)내,승용차,보행자,995189.0,1848555.0,127.4461855,36.63487101
2019,2019-07-17,18,야,수,1,1,0,1,0,충남,당진시,차량단독,전복,전복,안전운전 의무 불이행,단일로,기타단일로,승용차,없음,926955.0,1865962.0,126.6813136,36.78898746
2019,2019-07-17,21,야,수,1,0,0,0,0,경기,김포시,차대사람,횡단중,횡단중,안전운전 의무 불이행,교차로,교차로부근,승용차,보행자,915132.0,1969875.0,126.5369672,37.72454644
2019,2019-07-17,22,야,수,1,3,2,1,0,충남,태안군,차대차,정면충돌,정면충돌,안전운전 의무 불이행,교차로,교차로내,승용차,승용차,894864.0,1845044.0,126.3245706,36.59743475
2019,2019-07-18,11,주,목,1,2,0,0,2,경기,김포시,차대차,추돌,추돌,중앙선 침범,단일로,기타단일로,승용차,승용차,926245.0,1966522.0,126.6633976,37.69529059
2019,2019-07-18,16,주,목,1,0,0,0,0,경북,의성군,차대차,기타,기타,신호위반,교차로,교차로내,이륜차,화물차,1076915.0,1828833.0,128.3583382,36.45400074
2019,2019-07-18,19,야,목,1,0,0,0,0,전남,구례군,차량단독,공작물충돌,공작물충돌,안전운전 의무 불이행,단일로,기타단일로,화물차,없음,996773.0,1685869.0,127.4645636,35.16808621
2019,2019-07-19,2,야,금,1,0,0,0,0,충북,충주시,차대차,추돌,추돌,안전운전 의무 불이행,단일로,기타단일로,승용차,개인형이동수단(PM),1033695.0,1888423.0,127.8786652,36.99367772
2019,2019-07-19,5,야,금,1,0,0,0,0,부산,해운대구,차대사람,기타,기타,안전운전 의무 불이행,교차로,교차로횡단보도내,승용차,보행자,1151187.0,1686707.0,129.1600596,35.16427172
2019,2019-07-19,5,야,금,1,0,0,0,0,대전,서구,차량단독,공작물충돌,공작물충돌,안전운전 의무 불이행,교차로,교차로내,이륜차,없음,990829.0,1816045.0,127.3978015,36.3417551
2019,2019-07-19,9,주,금,1,0,0,0,0,경북,청송군,차량단독,공작물충돌,공작물충돌,안전운전 의무 불이행,단일로,지하차도(도로)내,화물차,없음,1128319.0,1811825.0,128.9290483,36.29521256
2019,2019-07-19,15,주,금,1,0,0,0,0,경북,영천시,차대사람,보도통행중,보도통행중,기타,단일로,기타단일로,승합차,보행자,1129565.0,1776009.0,128.937022,35.97224035
2019,2019-07-19,16,주,금,1,0,0,0,0,서울,송파구,차대사람,차도통행중,차도통행중,안전운전 의무 불이행,단일로,기타단일로,승용차,보행자,965129.0,1945375.0,127.1054514,37.50699077
2019,2019-07-19,20,야,금,1,0,0,0,0,충남,공주시,차대사람,횡단중,횡단중,안전운전 의무 불이행,단일로,기타단일로,승합차,보행자,962639.0,1847815.0,127.0821313,36.6274793
2019,2019-07-19,21,야,금,1,0,0,0,0,경북,경주시,차대차,추돌,추돌,안전운전 의무 불이행,교차로,교차로부근,원동기장치자전거,승용차,1165086.0,1747367.0,129.3249058,35.70876692
2019,2019-07-20,5,야,토,1,7,5,2,0,서울,영등포구,차량단독,기타,기타,안전운전 의무 불이행,단일로,기타단일로,승합차,없음,947270.0,1948632.0,126.9031599,37.53549886
2019,2019-07-20,11,주,토,1,0,0,0,0,전남,광양시,차대차,추돌,추돌,안전운전 의무 불이행,단일로,기타단일로,승용차,특수차,1007493.0,1661969.0,127.5820662,34.95254896
2019,2019-07-20,21,야,토,1,0,0,0,0,대전,중구,차대사람,기타,기타,보행자 보호의무 위반,단일로,기타단일로,승용차,보행자,994399.0,1812979.0,127.4376064,36.31414114
2019,2019-07-20,23,야,토,1,0,0,0,0,광주,서구,차대사람,기타,기타,안전운전 의무 불이행,단일로,기타단일로,승용차,보행자,943907.0,1685939.0,126.8840421,35.16715662
2019,2019-07-21,2,야,일,1,0,0,0,0,경기,구리시,차대사람,기타,기타,과속,단일로,기타단일로,승용차,보행자,968912.0,1956104.0,127.1477986,37.60383087
2019,2019-07-21,5,야,일,1,1,0,1,0,인천,부평구,차대차,기타,기타,안전운전 의무 불이행,단일로,교량위,화물차,승용차,934049.2,1941998.8,126.7541219,37.47486347
2019,2019-07-21,9,주,일,1,2,2,0,0,광주,북구,차대사람,보도통행중,보도통행중,안전운전 의무 불이행,교차로,교차로부근,승합차,보행자,946597.0,1685805.0,126.9135883,35.16609497
2019,2019-07-22,4,야,월,1,0,0,0,0,서울,노원구,차대사람,차도통행중,차도통행중,과속,단일로,기타단일로,승용차,보행자,962829.4,1957778.0,127.0788043,37.61869329
2019,2019-07-22,4,야,월,1,0,0,0,0,충남,홍성군,차대사람,기타,기타,안전운전 의무 불이행,교차로,교차로내,화물차,보행자,924179.9,1841937.9,126.6525922,36.57221792
2019,2019-07-22,7,주,월,1,0,0,0,0,경기,용인시,차량단독,공작물충돌,공작물충돌,안전운전 의무 불이행,단일로,기타단일로,이륜차,없음,974151.0,1917468.0,127.2085049,37.25574144
2019,2019-07-22,7,주,월,4,9,8,1,0,강원,삼척시,차량단독,전복,전복,안전운전 의무 불이행,단일로,기타단일로,승합차,없음,1146721.3,1902021.9,129.1512159,37.10536775
2019,2019-07-22,9,주,월,1,0,0,0,0,충남,서천군,차대사람,횡단중,횡단중,안전운전 의무 불이행,교차로,교차로횡단보도내,승용차,보행자,927165.0,1787719.0,126.6910208,36.08369184
2019,2019-07-22,10,주,월,1,0,0,0,0,충북,보은군,차대차,측면충돌,측면충돌,교차로 통행방법 위반,교차로,교차로내,이륜차,화물차,1026868.0,1835319.0,127.8000741,36.5151822
2019,2019-07-22,10,주,월,1,0,0,0,0,충북,보은군,차량단독,전도,전도,안전운전 의무 불이행,단일로,지하차도(도로)내,이륜차,없음,1019617.0,1838063.0,127.719162,36.54009581
2019,2019-07-22,10,주,월,1,0,0,0,0,인천,서구,차대사람,차도통행중,차도통행중,안전운전 의무 불이행,교차로,교차로부근,화물차,보행자,927088.0,1946899.0,126.6749148,37.5185045
2019,2019-07-22,14,주,월,1,0,0,0,0,제주,서귀포시,차대차,측면충돌,측면충돌,안전거리 미확보,단일로,기타단일로,이륜차,승용차,912876.5,1474012.4,126.5646866,33.25392311
2019,2019-07-22,15,주,월,1,0,0,0,0,경기,김포시,차대차,추돌,추돌,안전운전 의무 불이행,단일로,기타단일로,승용차,화물차,936280.0,1956864.0,126.7780588,37.60899839
2019,2019-07-22,17,주,월,1,0,0,0,0,충남,부여군,차량단독,도로이탈,도로이탈 추락,안전운전 의무 불이행,교차로,교차로부근,농기계,없음,938175.0,1814679.0,126.8111739,36.32749882
2019,2019-07-22,19,야,월,1,0,0,0,0,경기,용인시,차대사람,횡단중,횡단중,보행자 보호의무 위반,단일로,기타단일로,승합차,보행자,964390.0,1927152.0,127.0979694,37.34270847
2019,2019-07-22,19,야,월,1,0,0,0,0,경북,영천시,차대사람,횡단중,횡단중,과속,교차로,교차로내,승용차,보행자,1128958.0,1772433.0,128.9297105,35.94008959
2019,2019-07-22,20,야,월,2,0,0,0,0,경기,시흥시,차대사람,기타,기타,안전운전 의무 불이행,단일로,기타단일로,승용차,보행자,942103.0,1933427.0,126.8458743,37.3981442
2019,2019-07-22,22,야,월,1,0,0,0,0,부산,동래구,차량단독,공작물충돌,공작물충돌,안전운전 의무 불이행,단일로,터널안,이륜차,없음,1141502.0,1691859.0,129.0546371,35.21212142
2019,2019-07-23,1,야,화,1,2,1,1,0,충북,단양군,차대차,추돌,추돌,안전거리 미확보,단일로,기타단일로,특수차,화물차,1079539.0,1879969.0,128.3929306,36.9147172
2019,2019-07-23,1,야,화,1,0,0,0,0,울산,남구,차량단독,공작물충돌,공작물충돌,안전운전 의무 불이행,단일로,교량위,이륜차,없음,1165249.0,1729641.0,129.3230753,35.54899437
2019,2019-07-23,7,주,화,1,0,0,0,0,충남,공주시,차대사람,차도통행중,차도통행중,안전운전 의무 불이행,단일로,기타단일로,승용차,보행자,967197.0,1829989.0,127.1338685,36.466947
2019,2019-07-23,8,주,화,1,0,0,0,0,경기,시흥시,차대사람,기타,기타,안전운전 의무 불이행,교차로,교차로내,화물차,보행자,932262.0,1927603.0,126.7352312,37.34498484
2019,2019-07-23,10,주,화,1,0,0,0,0,경남,김해시,차량단독,공작물충돌,공작물충돌,안전운전 의무 불이행,단일로,기타단일로,승용차,없음,1130012.0,1692718.0,128.9285723,35.22141974
2019,2019-07-23,22,야,화,1,4,1,3,0,대구,북구,차대차,정면충돌,정면충돌,중앙선 침범,단일로,기타단일로,승용차,승용차,1099424.0,1767867.0,128.6017692,35.9023832
2019,2019-07-24,5,야,수,1,1,0,1,0,충남,부여군,차대차,정면충돌,정면충돌,중앙선 침범,단일로,기타단일로,승합차,건설기계,927380.0,1811140.0,126.6912406,36.29484264
2019,2019-07-24,5,야,수,1,0,0,0,0,대구,달서구,차대사람,횡단중,횡단중,과속,단일로,기타단일로,승용차,보행자,1095043.8,1759958.1,128.5522944,35.83152299
2019,2019-07-24,8,주,수,1,0,0,0,0,경북,상주시,차량단독,전도,전도,안전운전 의무 불이행,단일로,기타단일로,농기계,없음,1057505.0,1816242.0,128.1408128,36.34185675
2019,2019-07-24,8,주,수,1,0,0,0,0,대구,동구,차대사람,기타,기타,안전운전 의무 불이행,교차로,교차로내,화물차,보행자,1106545.0,1766708.0,128.680511,35.89118592
2019,2019-07-24,9,주,수,1,1,0,1,0,서울,동대문구,차대차,추돌,추돌,안전운전 의무 불이행,단일로,교량위,이륜차,승용차,962157.0,1955875.0,127.0712837,37.60151365
2019,2019-07-24,13,주,수,1,0,0,0,0,경기,화성시,차대사람,횡단중,횡단중,보행자 보호의무 위반,단일로,기타단일로,건설기계,보행자,932287.0,1912969.0,126.7368463,37.21308747
2019,2019-07-24,13,주,수,1,0,0,0,0,전남,영광군,차대차,측면충돌,측면충돌,안전운전 의무 불이행,단일로,기타단일로,화물차,이륜차,907932.9,1700917.8,126.4873772,35.29954838
2019,2019-07-24,13,주,수,1,2,1,1,0,경기,포천시,차대차,정면충돌,정면충돌,중앙선 침범,단일로,기타단일로,화물차,화물차,969834.0,1981933.0,127.1571727,37.8366627
2019,2019-07-24,15,주,수,1,0,0,0,0,전남,나주시,차량단독,전도,전도,안전운전 의무 불이행,단일로,기타단일로,원동기장치자전거,없음,926645.3,1670271.7,126.695894,35.02478184
2019,2019-07-24,15,주,수,1,0,0,0,0,경북,영천시,차대사람,횡단중,횡단중,안전운전 의무 불이행,교차로,교차로부근,화물차,보행자,1128073.0,1775155.0,128.9203407,35.96474008
2019,2019-07-24,16,주,수,1,0,0,0,0,경북,칠곡군,차량단독,공작물충돌,공작물충돌,안전운전 의무 불이행,단일로,교량위,화물차,없음,1079761.0,1776436.0,128.3847601,35.98143373
2019,2019-07-24,20,야,수,1,0,0,0,0,경남,김해시,차대차,추돌,추돌,안전운전 의무 불이행,단일로,기타단일로,승용차,건설기계,1122661.0,1704586.0,128.8495938,35.32933028
2019,2019-07-25,0,야,목,1,0,0,0,0,충남,천안시,차대차,측면충돌,측면충돌,중앙선 침범,단일로,기타단일로,이륜차,승용차,967849.0,1867512.0,127.1395735,36.80523161
2019,2019-07-25,0,야,목,2,7,2,5,0,경기,시흥시,차대차,추돌,추돌,안전운전 의무 불이행,단일로,교량위,특수차,승용차,935141.0,1930921.0,126.7674423,37.37509609
2019,2019-07-25,7,주,목,1,0,0,0,0,경기,이천시,차대차,기타,기타,안전운전 의무 불이행,단일로,기타단일로,화물차,화물차,995457.0,1915423.0,127.4487815,37.23765544
2019,2019-07-25,11,주,목,1,1,1,0,0,전남,보성군,차량단독,공작물충돌,공작물충돌,안전운전 의무 불이행,단일로,기타단일로,승용차,없음,965927.0,1642341.0,127.1276214,34.77500887
2019,2019-07-25,13,주,목,1,0,0,0,0,경남,함안군,차량단독,기타,기타,안전운전 의무 불이행,교차로,교차로부근,승용차,없음,1090037.0,1704992.0,128.4907452,35.33646468
2019,2019-07-25,13,주,목,1,0,0,0,0,경남,진주시,차대차,추돌,추돌,안전운전 의무 불이행,단일로,기타단일로,화물차,화물차,1048810.0,1688723.0,128.0361513,35.19263957
2019,2019-07-25,21,야,목,1,0,0,0,0,충남,천안시,차대사람,횡단중,횡단중,안전운전 의무 불이행,교차로,교차로부근,승용차,보행자,966765.0,1867316.0,127.1274302,36.80342732
2019,2019-07-25,22,야,목,1,0,0,0,0,대전,동구,차대사람,기타,기타,안전운전 의무 불이행,교차로,교차로횡단보도내,승용차,보행자,996392.0,1811099.0,127.4598166,36.29720157