발생년,발생년월일,발생시간,주야,요일,사망자수,부상자수,중상자수,경상자수,부상신고자수,발생지시도,발생지시군구,사고유형_대분류,사고유형_중분류,사고유형,가해자법규위반,도로형태_대분류,도로형태,가해자_당사자종별,피해자_당사자종별,발생위치X_UTMK,발생위치Y_UTMK,경도,위도
2019,2019-07-26,0,야,금,1,0,0,0,0,경기,고양시,차대사람,횡단중,횡단중,안전운전 의무 불이행,단일로,기타단일로,승합차,보행자,934412.0,1964402.0,126.756219,37.67680466
2019,2019-07-26,8,주,금,1,0,0,0,0,강원,강릉시,차대사람,횡단중,횡단중,보행자 보호의무 위반,교차로,교차로부근,승합차,보행자,1121683.0,1973692.0,128.8813326,37.75478806
2019,2019-07-26,8,주,금,1,0,0,0,0,충남,논산시,차대사람,횡단중,횡단중,신호위반,교차로,교차로내,화물차,보행자,963902.0,1791749.0,127.0988609,36.12208431
2019,2019-07-26,12,주,금,1,0,0,0,0,부산,사하구,차대사람,횡단중,횡단중,안전운전 의무 불이행,단일로,기타단일로,승용차,보행자,1134634.0,1676213.0,128.9766536,35.07203023
2019,2019-07-26,12,주,금,1,4,4,0,0,강원,삼척시,차대차,측면충돌,측면충돌,중앙선 침범,단일로,지하차도(도로)내,승용차,승용차,1153638.0,1907380.0,129.2301245,37.15253548
2019,2019-07-26,15,주,금,1,2,0,2,0,경남,하동군,차대차,정면충돌,정면충돌,중앙선 침범,단일로,기타단일로,승용차,화물차,1036201.0,1686619.0,127.8975594,35.17420188
2019,2019-07-26,17,주,금,1,0,0,0,0,제주,서귀포시,차량단독,공작물충돌,공작물충돌,안전운전 의무 불이행,단일로,기타단일로,승용차,없음,906117.0,1473630.0,126.4921691,33.24990748
2019,2019-07-26,22,야,금,1,3,2,1,0,서울,서초구,차대차,기타,기타,안전운전 의무 불이행,교차로,교차로내,승용차,승용차,957366.0,1944061.0,127.0176956,37.49482121
2019,2019-07-26,22,야,금,1,0,0,0,0,서울,노원구,차대사람,횡단중,횡단중,안전운전 의무 불이행,교차로,교차로부근,승합차,보행자,961247.0,1961765.0,127.0606623,37.65456353
2019,2019-07-26,23,야,금,1,0,0,0,0,대구,달서구,차대사람,횡단중,횡단중,안전운전 의무 불이행,단일로,기타단일로,화물차,보행자,1093386.0,1760594.0,128.5340168,35.83741474
2019,2019-07-27,2,야,토,1,0,0,0,0,인천,남동구,차량단독,전도,전도,안전운전 의무 불이행,단일로,기타단일로,이륜차,없음,930836.0,1937071.0,126.7182473,37.43021474
2019,2019-07-27,4,야,토,1,0,0,0,0,서울,강동구,차대사람,횡단중,횡단중,과속,교차로,교차로내,승용차,보행자,969055.0,1948108.0,127.1497563,37.5317646
2019,2019-07-27,8,주,토,1,0,0,0,0,경북,안동시,차대차,정면충돌,정면충돌,중앙선 침범,단일로,기타단일로,이륜차,화물차,1122343.0,1838486.0,128.8667171,36.53627839
2019,2019-07-27,11,주,토,1,2,1,1,0,전북,전주시,차대차,측면충돌,측면충돌,신호위반,단일로,기타단일로,이륜차,이륜차,966023.0,1756496.0,127.12394,35.80432678
2019,2019-07-28,2,야,일,1,0,0,0,0,부산,부산진구,차량단독,기타,기타,안전운전 의무 불이행,단일로,기타단일로,이륜차,없음,1139581.0,1686593.0,129.0326466,35.16492324
2019,2019-07-28,3,야,일,1,1,0,1,0,광주,동구,차대사람,횡단중,횡단중,안전운전 의무 불이행,교차로,교차로내,승용차,보행자,947614.0,1685502.0,126.9247746,35.16341644
2019,2019-07-28,14,주,일,1,3,1,2,0,전북,부안군,차대차,추돌,추돌,안전운전 의무 불이행,교차로,교차로내,승용차,승용차,933732.0,1748513.0,126.7672211,35.73070654
2019,2019-07-29,3,야,월,1,0,0,0,0,서울,용산구,차량단독,공작물충돌,공작물충돌,안전운전 의무 불이행,단일로,기타단일로,승용차,없음,951118.0,1948476.0,126.9467231,37.53430489
2019,2019-07-29,8,주,월,1,1,0,1,0,경북,경주시,차대사람,차도통행중,차도통행중,안전운전 의무 불이행,단일로,기타단일로,승용차,보행자,1155284.0,1780318.0,129.2230129,36.00731807
2019,2019-07-29,8,주,월,1,2,2,0,0,경남,창원시(통합),차대차,측면충돌,측면충돌,신호위반,교차로,교차로내,승용차,승용차,1117750.0,1681330.0,128.792244,35.12027314
2019,2019-07-29,9,주,월,1,0,0,0,0,전북,익산시,차대차,측면충돌,측면충돌,신호위반,교차로,교차로내,이륜차,승용차,947229.0,1785109.0,126.914034,36.06145883
2019,2019-07-29,10,주,월,1,0,0,0,0,충남,아산시,차대차,추돌,추돌,안전운전 의무 불이행,단일로,기타단일로,화물차,화물차,957637.0,1878883.0,127.0244612,36.90733162
2019,2019-07-29,13,주,월,1,0,0,0,0,충남,서산시,차대차,추돌,추돌,안전운전 의무 불이행,교차로,교차로부근,이륜차,화물차,914199.0,1855180.0,126.5395733,36.69073346
2019,2019-07-29,14,주,월,1,0,0,0,0,경북,포항시,차대차,정면충돌,정면충돌,중앙선 침범,단일로,기타단일로,승용차,이륜차,1184860.0,1777119.0,129.5502646,35.97333282
2019,2019-07-29,15,주,월,1,0,0,0,0,서울,서초구,차대사람,횡단중,횡단중,안전운전 의무 불이행,단일로,지하차도(도로)내,건설기계,보행자,954244.0,1942048.0,126.9825039,37.47652793
2019,2019-07-29,19,야,월,1,0,0,0,0,경북,안동시,차대사람,기타,기타,안전운전 의무 불이행,단일로,기타단일로,화물차,보행자,1132442.0,1845313.0,128.9806763,36.59645772
2019,2019-07-29,20,야,월,1,0,0,0,0,경기,평택시,차대사람,기타,기타,안전운전 의무 불이행,교차로,교차로내,승용차,보행자,960548.0,1885437.0,127.0567952,36.96653734
2019,2019-07-29,20,야,월,1,0,0,0,0,경남,거창군,차량단독,전도,전도,안전운전 의무 불이행,단일로,기타단일로,이륜차,없음,1040392.0,1740205.0,127.9462398,35.65720285
2019,2019-07-29,21,야,월,1,0,0,0,0,충남,천안시,차대사람,기타,기타,안전운전 의무 불이행,단일로,기타단일로,승용차,보행자,980221.0,1878068.0,127.2779927,36.90072903
2019,2019-07-29,21,야,월,1,0,0,0,0,충남,논산시,차량단독,공작물충돌,공작물충돌,안전운전 의무 불이행,단일로,기타단일로,승용차,없음,978681.0,1800063.0,127.2628652,36.19747758
2019,2019-07-29,22,야,월,1,0,0,0,0,서울,마포구,차대사람,기타,기타,안전운전 의무 불이행,교차로,교차로내,승용차,보행자,947429.0,1950937.0,126.9047944,37.55628316
2019,2019-07-29,22,야,월,1,2,0,2,0,경기,성남시,차대차,측면충돌,측면충돌,신호위반,교차로,교차로내,이륜차,승용차,969387.0,1936884.0,127.1539807,37.43060781
2019,2019-07-29,23,야,월,1,2,0,2,0,경기,부천시,차대차,정면충돌,정면충돌,신호위반,교차로,교차로내,승용차,승용차,937744.0,1947181.0,126.795467,37.52182695
2019,2019-07-30,1,야,화,1,0,0,0,0,강원,강릉시,차량단독,공작물충돌,공작물충돌,안전운전 의무 불이행,교차로,교차로내,승용차,없음,1116826.0,1969213.0,128.8254904,37.71506157
2019,2019-07-30,2,야,화,1,0,0,0,0,부산,부산진구,차대사람,횡단중,횡단중,과속,단일로,기타단일로,승용차,보행자,1142165.0,1686062.0,129.0609191,35.15977465
2019,2019-07-30,7,주,화,1,0,0,0,0,서울,용산구,차대차,측면충돌,측면충돌,안전거리 미확보,단일로,기타단일로,이륜차,화물차,952156.0,1948303.0,126.9584826,37.53280006
2019,2019-07-30,7,주,화,1,0,0,0,0,대전,유성구,차량단독,기타,기타,안전운전 의무 불이행,교차로,교차로내,개인형이동수단(PM),없음,985573.0,1818073.0,127.3391931,36.35997384
2019,2019-07-30,9,주,화,2,1,0,1,0,전남,해남군,차대차,측면충돌,측면충돌,과속,교차로,교차로내,화물차,승용차,921169.0,1604390.0,126.6420297,34.43032549
2019,2019-07-30,11,주,화,1,0,0,0,0,경북,경주시,차대사람,횡단중,횡단중,안전운전 의무 불이행,단일로,기타단일로,화물차,보행자,1162486.0,1754886.0,129.2977007,35.77695958
2019,2019-07-30,13,주,화,1,0,0,0,0,강원,화천군,차량단독,도로이탈,도로이탈 추락,안전운전 의무 불이행,교차로,교차로내,화물차,없음,1003016.0,2019440.0,127.5344339,38.17520311
2019,2019-07-30,13,주,화,1,0,0,0,0,경북,상주시,차량단독,공작물충돌,공작물충돌,안전운전 의무 불이행,단일로,기타단일로,화물차,없음,1064508.0,1830882.0,128.220063,36.47338682
2019,2019-07-30,14,주,화,1,0,0,0,0,전북,정읍시,차대사람,횡단중,횡단중,보행자 보호의무 위반,교차로,교차로내,화물차,보행자,941490.0,1730182.0,126.8543337,35.56592797
2019,2019-07-30,14,주,화,1,1,1,0,0,전남,광양시,차량단독,기타,기타,안전운전 의무 불이행,단일로,기타단일로,승용차,없음,1011850.0,1686708.0,127.6301392,35.1755869
2019,2019-07-30,15,주,화,1,0,0,0,0,경기,포천시,차대차,측면충돌,측면충돌,중앙선 침범,교차로,교차로부근,승용차,이륜차,970014.0,1979902.0,127.1593025,37.81836322
2019,2019-07-30,19,야,화,1,0,0,0,0,서울,서대문구,차대차,측면충돌,측면충돌,안전운전 의무 불이행,교차로,교차로내,자전거,화물차,951002.0,1954861.0,126.9449834,37.59184767
2019,2019-07-30,19,야,화,1,0,0,0,0,충남,청양군,차대차,측면충돌,측면충돌,기타,교차로,교차로내,화물차,이륜차,950330.0,1824033.0,126.9459955,36.41252851
2019,2019-07-30,19,야,화,1,0,0,0,0,인천,강화군,차량단독,전도,전도,안전운전 의무 불이행,단일로,기타단일로,화물차,없음,909364.0,1963539.0,126.4723131,37.66689416
2019,2019-07-30,20,야,화,1,0,0,0,0,부산,금정구,차대사람,기타,기타,안전운전 의무 불이행,교차로,교차로부근,화물차,보행자,1146125.6,1692195.6,129.1054773,35.21449255
2019,2019-07-30,21,야,화,1,0,0,0,0,인천,중구,차량단독,공작물충돌,공작물충돌,안전운전 의무 불이행,단일로,기타단일로,승용차,없음,910102.7,1938872.6,126.4837115,37.4446694
2019,2019-07-30,22,야,화,1,0,0,0,0,전북,장수군,차량단독,도로이탈,도로이탈 기타,안전운전 의무 불이행,단일로,기타단일로,승합차,없음,1000737.0,1727342.0,127.5081305,35.5420495
2019,2019-07-31,8,주,수,1,0,0,0,0,강원,속초시,차대차,측면충돌,측면충돌,안전운전 의무 불이행,단일로,지하차도(도로)내,승용차,자전거,1095452.0,2025092.0,128.590452,38.22108214
2019,2019-07-31,10,주,수,1,0,0,0,0,경기,파주시,차량단독,공작물충돌,공작물충돌,안전운전 의무 불이행,단일로,기타단일로,화물차,없음,938107.0,1975789.0,126.7971488,37.77968837
2019,2019-07-31,13,주,수,1,0,0,0,0,부산,해운대구,차대차,측면충돌,측면충돌,안전운전 의무 불이행,단일로,기타단일로,승합차,이륜차,1154169.2,1688324.4,129.1930943,35.17839665
2019,2019-07-31,15,주,수,1,1,0,1,0,광주,광산구,차대차,측면충돌,측면충돌,안전거리 미확보,단일로,기타단일로,이륜차,승용차,935122.0,1682071.0,126.787884,35.13175183
2019,2019-07-31,16,주,수,1,0,0,0,0,충남,부여군,차량단독,도로이탈,도로이탈 추락,안전운전 의무 불이행,단일로,기타단일로,건설기계,없음,953966.0,1811079.0,126.9873152,36.29592884
2019,2019-07-31,16,주,수,1,0,0,0,0,경남,함안군,차대차,추돌,추돌,안전운전 의무 불이행,교차로,교차로부근,이륜차,화물차,1074528.0,1695237.0,128.3192184,35.24979096
2019,2019-07-31,18,야,수,1,1,0,1,0,경북,경산시,차대차,측면충돌,측면충돌,신호위반,교차로,교차로내,원동기장치자전거,승용차,1116439.0,1756570.0,128.7886326,35.79867569
2019,2019-08-01,2,야,목,2,2,1,0,1,충남,서산시,차대차,추돌,추돌,과속,단일로,기타단일로,승용차,화물차,903326.0,1885751.0,126.4139956,36.96522831
2019,2019-08-01,4,야,목,1,2,2,0,0,충북,청주시,차대차,기타,기타,신호위반,교차로,교차로내,원동기장치자전거,승용차,993382.0,1847697.0,127.4259803,36.62712531
2019,2019-08-01,8,주,목,1,1,0,1,0,충남,보령시,차대차,추돌,추돌,안전운전 의무 불이행,단일로,교량위,화물차,승용차,918162.0,1834420.0,126.5861382,36.50395468
2019,2019-08-01,9,주,목,1,1,0,1,0,대전,중구,차대차,측면충돌,측면충돌,안전운전 의무 불이행,단일로,기타단일로,자전거,승용차,995159.0,1812254.0,127.4460771,36.30760905
2019,2019-08-01,13,주,목,1,1,1,0,0,전북,김제시,차대차,추돌,추돌,안전운전 의무 불이행,기타,기타,화물차,이륜차,954252.0,1748254.0,126.9941324,35.72953928
2019,2019-08-01,15,주,목,1,0,0,0,0,서울,금천구,차대차,기타,기타,안전운전 의무 불이행,교차로,교차로내,자전거,승용차,946591.0,1941158.0,126.8960178,37.4680954
2019,2019-08-02,4,야,금,1,1,0,1,0,충북,보은군,차대차,추돌,추돌,안전운전 의무 불이행,단일로,기타단일로,화물차,화물차,1009360.2,1832564.6,127.6045062,36.49068244
2019,2019-08-02,5,야,금,1,0,0,0,0,충북,충주시,차대사람,기타,기타,안전운전 의무 불이행,기타,기타,승용차,보행자,1040099.0,1876306.0,127.949989,36.88420074
2019,2019-08-02,8,주,금,1,0,0,0,0,경남,밀양시,차대사람,차도통행중,차도통행중,안전운전 의무 불이행,단일로,기타단일로,승용차,보행자,1116880.0,1719169.0,128.7880915,35.46148299
2019,2019-08-02,10,주,금,1,0,0,0,0,대구,서구,차대차,측면충돌,측면충돌,안전운전 의무 불이행,단일로,기타단일로,건설기계,자전거,1093819.0,1765182.0,128.5393503,35.87873271
2019,2019-08-02,18,야,금,1,0,0,0,0,전남,나주시,차대차,측면충돌,측면충돌,안전운전 의무 불이행,단일로,기타단일로,화물차,이륜차,928808.0,1672673.0,126.7193934,35.04658805
2019,2019-08-02,21,야,금,1,0,0,0,0,광주,북구,차대사람,횡단중,횡단중,안전운전 의무 불이행,단일로,기타단일로,승용차,보행자,946846.8,1685726.8,126.9163362,35.16540311
2019,2019-08-02,22,야,금,1,0,0,0,0,경기,광주시,차대사람,기타,기타,안전운전 의무 불이행,기타,기타,승용차,보행자,986857.0,1927958.0,127.3516021,37.35056369
2019,2019-08-02,22,야,금,1,0,0,0,0,전북,전주시,차대사람,횡단중,횡단중,보행자 보호의무 위반,교차로,교차로횡단보도내,승용차,보행자,965390.0,1762143.0,127.1166893,35.855218
2019,2019-08-03,0,야,토,1,1,0,1,0,서울,용산구,차대사람,차도통행중,차도통행중,안전운전 의무 불이행,단일로,기타단일로,승용차,보행자,953271.0,1948256.0,126.9711051,37.53243363
2019,2019-08-03,0,야,토,2,1,1,0,0,강원,철원군,차량단독,공작물충돌,공작물충돌,안전운전 의무 불이행,교차로,교차로내,화물차,없음,987207.0,2027690.0,127.3537928,38.24947081
2019,2019-08-03,4,야,토,1,0,0,0,0,경남,밀양시,차대사람,기타,기타,안전운전 의무 불이행,단일로,기타단일로,화물차,보행자,1116607.0,1708846.0,128.7836067,35.36845785
2019,2019-08-03,5,야,토,1,0,0,0,0,경기,부천시,차량단독,기타,기타,안전운전 의무 불이행,단일로,기타단일로,화물차,없음,938799.0,1949004.0,126.8072534,37.53832819
2019,2019-08-03,8,주,토,1,0,0,0,0,경북,경주시,차량단독,공작물충돌,공작물충돌,안전운전 의무 불이행,단일로,지하차도(도로)내,승용차,없음,1154070.0,1756033.0,129.2048471,35.78865233
2019,2019-08-03,11,주,토,1,27,4,18,5,경기,광주시,차대차,추돌,추돌,안전운전 의무 불이행,단일로,기타단일로,승합차,승용차,979883.0,1938672.0,127.2725673,37.44701203
2019,2019-08-03,13,주,토,1,0,0,0,0,경기,오산시,차대차,측면충돌,측면충돌,신호위반,교차로,교차로내,건설기계,이륜차,961000.0,1908573.0,127.0606716,37.17510541
2019,2019-08-03,17,주,토,1,0,0,0,0,경북,안동시,차량단독,도로이탈,도로이탈 추락,안전운전 의무 불이행,교차로,교차로부근,이륜차,없음,1108653.0,1836594.0,128.71355,36.52088006
2019,2019-08-03,17,주,토,1,0,0,0,0,경남,김해시,차대사람,기타,기타,신호위반,교차로,교차로횡단보도내,승용차,보행자,1127209.0,1694197.0,128.8980099,35.23511155
2019,2019-08-03,18,야,토,1,0,0,0,0,강원,원주시,차대차,정면충돌,정면충돌,중앙선 침범,단일로,기타단일로,사륜오토바이(ATV),화물차,1026488.0,1919077.0,127.7987582,37.27022686
2019,2019-08-04,8,주,일,1,0,0,0,0,경기,양평군,차량단독,공작물충돌,공작물충돌,안전운전 의무 불이행,단일로,기타단일로,자전거,없음,993445.0,1954866.0,127.4257477,37.59317432
2019,2019-08-04,12,주,일,1,0,0,0,0,경남,창원시(통합),차대차,추돌,추돌,신호위반,교차로,교차로내,승용차,이륜차,1109129.0,1708563.0,128.7012679,35.36675294
2019,2019-08-04,14,주,일,1,1,0,0,1,부산,기장군,차량단독,공작물충돌,공작물충돌,안전운전 의무 불이행,교차로,교차로내,승용차,없음,1152698.1,1699066.0,129.1789385,35.27543784
2019,2019-08-04,15,주,일,1,1,0,1,0,충북,제천시,차대사람,차도통행중,차도통행중,안전운전 의무 불이행,단일로,지하차도(도로)내,이륜차,보행자,1061719.0,1903216.0,128.1947982,37.12559471
2019,2019-08-04,16,주,일,1,0,0,0,0,전북,익산시,차량단독,공작물충돌,공작물충돌,안전운전 의무 불이행,단일로,기타단일로,이륜차,없음,962785.0,1783669.0,127.0868299,36.04919622
2019,2019-08-04,19,야,일,1,3,2,1,0,부산,기장군,차대사람,횡단중,횡단중,중앙선 침범,기타,기타,승용차,보행자,1156941.0,1690699.0,129.2239743,35.19936982
2019,2019-08-04,22,야,일,1,1,0,1,0,인천,미추홀구,차대차,추돌,추돌,안전운전 의무 불이행,단일로,기타단일로,승용차,건설기계,924529.0,1938708.0,126.6467995,37.4444757
2019,2019-08-05,5,야,월,1,1,1,0,0,대전,서구,차량단독,기타,기타,안전운전 의무 불이행,단일로,기타단일로,화물차,없음,986343.0,1814510.0,127.3478382,36.32786324
2019,2019-08-05,12,주,월,1,1,0,1,0,경기,성남시,차대차,기타,기타,안전운전 의무 불이행,교차로,교차로내,원동기장치자전거,화물차,967023.7,1938174.5,127.1272111,37.44215862
2019,2019-08-05,15,주,월,2,0,0,0,0,전남,무안군,차대차,측면충돌,측면충돌,과속,교차로,교차로내,승용차,농기계,909893.7,1655710.4,126.5138609,34.89213925
2019,2019-08-05,15,주,월,1,0,0,0,0,제주,제주시,차대사람,횡단중,횡단중,보행자 보호의무 위반,단일로,기타단일로,승용차,보행자,909262.2,1502800.0,126.5229905,33.51324651
2019,2019-08-05,16,주,월,1,0,0,0,0,경남,창원시(통합),차대사람,기타,기타,안전운전 의무 불이행,기타,기타,승용차,보행자,1101793.0,1695839.0,128.6189482,35.25281857
2019,2019-08-05,16,주,월,2,2,2,0,0,대구,동구,차대차,정면충돌,정면충돌,중앙선 침범,단일로,기타단일로,승용차,승용차,1110425.0,1774389.0,128.7245596,35.9599922
2019,2019-08-05,20,야,월,1,1,0,0,1,부산,북구,차대차,측면충돌,측면충돌,안전운전 의무 불이행,교차로,교차로내,승용차,이륜차,1137156.0,1693730.0,129.0072157,35.22959022
2019,2019-08-05,20,야,월,1,3,1,1,1,경기,안산시,차대차,측면충돌,측면충돌,과속,교차로,교차로내,화물차,승용차,934818.0,1925590.0,126.7642635,37.32702435
2019,2019-08-05,21,야,월,1,0,0,0,0,강원,화천군,차대사람,횡단중,횡단중,안전운전 의무 불이행,단일로,기타단일로,승용차,보행자,1015169.0,2015288.0,127.6730969,38.13766006
2019,2019-08-05,22,야,월,1,0,0,0,0,인천,미추홀구,차대사람,횡단중,횡단중,안전운전 의무 불이행,교차로,교차로횡단보도내,승용차,보행자,924741.0,1940263.0,126.6490371,37.4585078
2019,2019-08-05,23,야,월,3,1,1,0,0,전남,순천시,차대차,측면충돌,측면충돌,안전운전 의무 불이행,단일로,기타단일로,승용차,승용차,1005872.0,1659478.0,127.5642949,34.93009701
2019,2019-08-06,10,주,화,1,0,0,0,0,경기,이천시,차량단독,공작물충돌,공작물충돌,안전운전 의무 불이행,단일로,기타단일로,승용차,없음,998820.0,1926208.0,127.4866794,37.33488168
2019,2019-08-06,14,주,화,1,0,0,0,0,서울,용산구,차대사람,횡단중,횡단중,안전운전 의무 불이행,단일로,기타단일로,승합차,보행자,952014.0,1948720.0,126.9568482,37.53655119
2019,2019-08-06,21,야,화,1,0,0,0,0,충북,충주시,차대차,기타,기타,신호위반,교차로,교차로내,화물차,원동기장치자전거,1038660.0,1887186.0,127.9343972,36.98233607
2019,2019-08-07,1,야,수,1,0,0,0,0,전남,나주시,차량단독,기타,기타,안전운전 의무 불이행,단일로,기타단일로,자전거,없음,928113.0,1670994.0,126.7119189,35.03140003
2019,2019-08-07,1,야,수,1,0,0,0,0,인천,남동구,차대사람,횡단중,횡단중,안전운전 의무 불이행,단일로,기타단일로,이륜차,보행자,929977.2,1941069.3,126.7081615,37.46618636
2019,2019-08-07,3,야,수,1,4,1,3,0,대구,수성구,차대차,정면충돌,정면충돌,중앙선 침범,단일로,기타단일로,승용차,승용차,1102487.0,1764539.0,128.6352777,35.8720673
2019,2019-08-07,11,주,수,1,0,0,0,0,충남,아산시,차대사람,횡단중,횡단중,보행자 보호의무 위반,교차로,교차로횡단보도내,화물차,보행자,956722.0,1865239.0,127.0149679,36.78429841
2019,2019-08-07,11,주,수,1,5,0,5,0,경남,창원시(통합),차대차,추돌,추돌,안전운전 의무 불이행,단일로,기타단일로,화물차,화물차,1102789.0,1698653.0,128.630247,35.27808587
2019,2019-08-07,12,주,수,1,0,0,0,0,서울,강남구,차대사람,보도통행중,보도통행중,안전운전 의무 불이행,기타,기타,건설기계,보행자,958055.0,1945128.5,127.0254289,37.50447453
2019,2019-08-07,13,주,수,1,3,1,2,0,전북,김제시,차대차,측면충돌,측면충돌,신호위반,교차로,교차로내,이륜차,승용차,947293.0,1759033.0,126.9164756,35.8263726
2019,2019-08-07,18,야,수,1,0,0,0,0,서울,강북구,차대차,정면충돌,정면충돌,기타,단일로,기타단일로,자전거,화물차,958442.0,1960271.5,127.0289484,37.64097969
2019,2019-08-07,18,야,수,1,0,0,0,0,전남,진도군,차대사람,기타,기타,안전운전 의무 불이행,기타,기타,화물차,보행자,867150.0,1610046.0,126.0533573,34.47577973
2019,2019-08-07,19,야,수,1,0,0,0,0,경북,군위군,차대사람,횡단중,횡단중,안전운전 의무 불이행,단일로,기타단일로,승용차,보행자,1097631.0,1798752.0,128.585719,36.18096937
2019,2019-08-07,21,야,수,1,0,0,0,0,경북,경주시,차량단독,기타,기타,안전운전 의무 불이행,단일로,터널안,승용차,없음,1170558.0,1767936.0,129.3897522,35.89318892
2019,2019-08-08,7,주,목,1,0,0,0,0,충북,음성군,차량단독,도로이탈,도로이탈 추락,안전운전 의무 불이행,단일로,기타단일로,승용차,없음,1010500.0,1888454.0,127.6180007,36.99450248
2019,2019-08-08,10,주,목,1,0,0,0,0,서울,양천구,차대사람,횡단중,횡단중,보행자 보호의무 위반,단일로,기타단일로,승용차,보행자,944496.0,1946466.0,126.871927,37.51581366
2019,2019-08-08,18,야,목,1,0,0,0,0,전북,전주시,차대차,측면충돌,측면충돌,안전운전 의무 불이행,교차로,교차로내,승용차,특수차,970712.0,1759258.0,127.1757362,35.82938031
2019,2019-08-08,22,야,목,1,0,0,0,0,전북,전주시,차대차,측면충돌,측면충돌,신호위반,교차로,교차로내,이륜차,승용차,965973.8,1757347.6,127.1233592,35.81200313
2019,2019-08-09,0,야,금,1,0,0,0,0,인천,남동구,차량단독,공작물충돌,공작물충돌,안전운전 의무 불이행,기타,기타,이륜차,없음,930300.0,1942400.0,126.7116855,37.47820416
2019,2019-08-09,2,야,금,1,0,0,0,0,인천,부평구,차대사람,보도통행중,보도통행중,안전운전 의무 불이행,교차로,교차로부근,화물차,보행자,929873.7,1946619.5,126.7064621,37.51620143
2019,2019-08-09,5,야,금,2,1,1,0,0,전북,전주시,차대차,측면충돌,측면충돌,안전운전 의무 불이행,교차로,교차로부근,화물차,승용차,962560.7,1755562.2,127.0856636,35.79578166
2019,2019-08-09,7,주,금,1,0,0,0,0,충남,서산시,차대차,측면충돌,측면충돌,신호위반,교차로,교차로내,특수차,승용차,901955.0,1888561.0,126.3982317,36.9904124
2019,2019-08-09,8,주,금,1,0,0,0,0,대구,달서구,차대차,기타,기타,안전거리 미확보,단일로,기타단일로,자전거,승용차,1090964.2,1760970.3,128.5072481,35.84103472
2019,2019-08-09,10,주,금,1,0,0,0,0,전남,영광군,차대차,측면충돌,측면충돌,기타,교차로,교차로내,승용차,원동기장치자전거,909053.0,1698927.0,126.4999161,35.28170258
2019,2019-08-09,10,주,금,1,4,0,4,0,경남,김해시,차대차,기타,기타,신호위반,교차로,교차로내,이륜차,화물차,1124684.0,1694041.0,128.870244,35.23402259
2019,2019-08-09,11,주,금,1,0,0,0,0,부산,연제구,차대사람,기타,기타,안전운전 의무 불이행,단일로,기타단일로,승용차,보행자,1143999.0,1688309.0,129.0814411,35.17976745
2019,2019-08-09,13,주,금,1,0,0,0,0,서울,서대문구,차대사람,기타,기타,안전운전 의무 불이행,기타,기타,화물차,보행자,951268.0,1952187.0,126.9481743,37.56776071
2019,2019-08-09,17,주,금,1,0,0,0,0,경북,상주시,차대차,측면충돌,측면충돌,과속,교차로,교차로내,승용차,이륜차,1057108.0,1817020.0,128.1364461,36.34889395
2019,2019-08-09,17,주,금,1,0,0,0,0,경북,구미시,차대차,측면충돌,측면충돌,교차로 통행방법 위반,교차로,교차로내,승용차,이륜차,1087286.0,1800355.0,128.4708701,36.19640742
2019,2019-08-09,18,야,금,1,0,0,0,0,전북,전주시,차대차,측면충돌,측면충돌,교차로 통행방법 위반,교차로,교차로내,이륜차,화물차,964886.4,1754399.6,127.1114523,35.78538553
2019,2019-08-09,21,야,금,1,1,0,1,0,경기,김포시,차대차,측면충돌,측면충돌,신호위반,교차로,교차로내,승용차,이륜차,917438.0,1967774.0,126.5633695,37.7058228
2019,2019-08-09,23,야,금,1,0,0,0,0,전남,무안군,차대사람,횡단중,횡단중,안전운전 의무 불이행,단일로,기타단일로,승용차,보행자,906410.0,1667010.0,126.4744722,34.99370209
2019,2019-08-10,0,야,토,1,0,0,0,0,전남,여수시,차대사람,횡단중,횡단중,안전운전 의무 불이행,교차로,교차로내,승용차,보행자,1014182.0,1641845.0,127.6549858,34.77100691
2019,2019-08-10,4,야,토,1,0,0,0,0,서울,동대문구,차대사람,기타,기타,안전운전 의무 불이행,단일로,기타단일로,승용차,보행자,957890.0,1952725.0,127.0231262,37.57293651
2019,2019-08-10,4,야,토,1,0,0,0,0,부산,수영구,차대사람,기타,기타,안전운전 의무 불이행,단일로,기타단일로,승용차,보행자,1147125.5,1684181.3,129.1150295,35.14210885
2019,2019-08-10,4,야,토,1,0,0,0,0,경기,평택시,차대차,측면충돌,측면충돌,신호위반,교차로,교차로내,자전거,승합차,960195.0,1883387.0,127.0529378,36.94804333