발생년,발생년월일,발생시간,주야,요일,사망자수,부상자수,중상자수,경상자수,부상신고자수,발생지시도,발생지시군구,사고유형_대분류,사고유형_중분류,사고유형,가해자법규위반,도로형태_대분류,도로형태,가해자_당사자종별,피해자_당사자종별,발생위치X_UTMK,발생위치Y_UTMK,경도,위도
2019,2019-08-28,18,야,수,1,0,0,0,0,전남,무안군,차대차,정면충돌,정면충돌,안전운전 의무 불이행,교차로,교차로부근,화물차,이륜차,893440.1,1660330.3,126.3332311,34.93219686
2019,2019-08-28,23,야,수,1,0,0,0,0,경북,칠곡군,차대사람,횡단중,횡단중,안전운전 의무 불이행,교차로,교차로부근,승용차,보행자,1080677.0,1777228.0,128.3950005,35.98849815
2019,2019-08-29,5,야,목,1,0,0,0,0,경기,안성시,차대사람,횡단중,횡단중,안전운전 의무 불이행,단일로,기타단일로,승용차,보행자,967791.8,1888456.1,127.1380417,36.99402822
2019,2019-08-29,7,주,목,1,0,0,0,0,서울,강서구,차대사람,차도통행중,차도통행중,안전운전 의무 불이행,단일로,기타단일로,승용차,보행자,943629.0,1950393.0,126.8618152,37.55115536
2019,2019-08-29,8,주,목,1,0,0,0,0,충남,태안군,차대사람,차도통행중,차도통행중,안전운전 의무 불이행,단일로,기타단일로,승용차,보행자,892844.0,1878232.0,126.2973319,36.89632773
2019,2019-08-29,9,주,목,1,0,0,0,0,대전,유성구,차대차,측면충돌,측면충돌,신호위반,교차로,교차로내,화물차,자전거,984475.0,1818551.0,127.326945,36.36426609
2019,2019-08-29,11,주,목,1,0,0,0,0,경남,거제시,차량단독,공작물충돌,공작물충돌,안전운전 의무 불이행,단일로,기타단일로,승용차,없음,1094182.0,1658451.0,128.5310469,34.91647881
2019,2019-08-29,13,주,목,2,2,2,0,0,전남,순천시,차량단독,도로이탈,도로이탈 추락,안전운전 의무 불이행,단일로,기타단일로,승용차,없음,998492.6,1649761.6,127.4835124,34.84249419
2019,2019-08-29,14,주,목,1,1,0,1,0,서울,서대문구,차대사람,기타,기타,안전운전 의무 불이행,단일로,기타단일로,승용차,보행자,950966.0,1954836.0,126.9445774,37.59162043
2019,2019-08-29,15,주,목,1,0,0,0,0,전북,익산시,차대사람,횡단중,횡단중,보행자 보호의무 위반,교차로,교차로횡단보도내,화물차,보행자,950196.0,1773362.0,126.9477171,35.95571014
2019,2019-08-29,17,주,목,1,0,0,0,0,서울,강동구,차대차,기타,기타,신호위반,교차로,교차로내,원동기장치자전거,승용차,971530.0,1951894.0,127.1776216,37.56596927
2019,2019-08-29,19,야,목,1,4,0,4,0,경남,거제시,차대차,정면충돌,정면충돌,중앙선 침범,단일로,기타단일로,화물차,승용차,1090915.0,1655361.0,128.4949505,34.88891686
2019,2019-08-29,20,야,목,1,0,0,0,0,경기,성남시,차대사람,차도통행중,차도통행중,안전운전 의무 불이행,단일로,기타단일로,승용차,보행자,966845.0,1937163.0,127.1252364,37.43303501
2019,2019-08-29,23,야,목,1,0,0,0,0,충남,서천군,차대사람,차도통행중,차도통행중,안전운전 의무 불이행,단일로,기타단일로,승용차,보행자,926311.6,1788429.4,126.6814766,36.09003166
2019,2019-08-30,3,야,금,1,0,0,0,0,경기,용인시,차대사람,기타,기타,안전운전 의무 불이행,단일로,기타단일로,승용차,보행자,969004.0,1921804.0,127.1502831,37.29466835
2019,2019-08-30,10,주,금,1,0,0,0,0,경기,부천시,차대사람,횡단중,횡단중,안전운전 의무 불이행,교차로,교차로부근,화물차,보행자,938564.0,1947289.7,126.804737,37.52286165
2019,2019-08-30,12,주,금,1,0,0,0,0,경북,상주시,차량단독,공작물충돌,공작물충돌,안전운전 의무 불이행,단일로,기타단일로,이륜차,없음,1068377.0,1825513.0,128.2627729,36.42471978
2019,2019-08-30,14,주,금,1,0,0,0,0,경북,문경시,차대사람,횡단중,횡단중,안전운전 의무 불이행,단일로,기타단일로,승용차,보행자,1052116.0,1860458.0,128.0837518,36.74075584
2019,2019-08-30,16,주,금,1,0,0,0,0,충남,서천군,차대사람,보도통행중,보도통행중,보행자 보호의무 위반,교차로,교차로내,화물차,보행자,928819.0,1786824.0,126.709471,36.07574604
2019,2019-08-30,19,야,금,1,0,0,0,0,전남,여수시,차대사람,횡단중,횡단중,안전운전 의무 불이행,단일로,기타단일로,승용차,보행자,1020112.4,1638881.4,127.719724,34.7441822
2019,2019-08-30,23,야,금,1,0,0,0,0,서울,은평구,차대사람,횡단중,횡단중,안전운전 의무 불이행,단일로,기타단일로,화물차,보행자,947101.0,1953438.0,126.9009005,37.57880607
2019,2019-08-31,0,야,토,1,0,0,0,0,광주,광산구,차대사람,기타,기타,안전운전 의무 불이행,단일로,기타단일로,승용차,보행자,935512.0,1682833.0,126.792105,35.13864752
2019,2019-08-31,4,야,토,1,0,0,0,0,충북,청주시,차대사람,기타,기타,안전운전 의무 불이행,교차로,교차로내,승용차,보행자,998775.0,1852271.0,127.4862916,36.66838196
2019,2019-08-31,5,야,토,1,0,0,0,0,광주,광산구,차대사람,기타,기타,안전운전 의무 불이행,교차로,교차로부근,승용차,보행자,938501.0,1687298.0,126.8245809,35.17909375
2019,2019-08-31,6,주,토,1,0,0,0,0,부산,해운대구,차대사람,기타,기타,안전운전 의무 불이행,단일로,기타단일로,승합차,보행자,1147546.8,1689451.9,129.120595,35.1895541
2019,2019-08-31,8,주,토,1,0,0,0,0,전남,보성군,차대차,정면충돌,정면충돌,중앙선 침범,단일로,기타단일로,승용차,이륜차,975963.0,1654094.0,127.2369653,34.88127882
2019,2019-08-31,17,주,토,1,0,0,0,0,강원,홍천군,차대사람,기타,기타,안전운전 의무 불이행,단일로,기타단일로,승용차,보행자,1023343.0,1957208.0,127.7644932,37.6140109
2019,2019-08-31,19,야,토,1,0,0,0,0,충북,옥천군,차량단독,도로이탈,도로이탈 추락,안전운전 의무 불이행,단일로,기타단일로,화물차,없음,1029374.0,1817981.0,127.8274046,36.35880408
2019,2019-08-31,20,야,토,1,0,0,0,0,경기,고양시,차대사람,기타,기타,안전운전 의무 불이행,단일로,기타단일로,승합차,보행자,946318.0,1964688.0,126.8912066,37.68015652
2019,2019-09-01,2,야,일,1,1,1,0,0,경남,창원시(통합),차량단독,공작물충돌,공작물충돌,과속,단일로,기타단일로,승용차,없음,1110891.0,1679256.0,128.7167076,35.10235463
2019,2019-09-01,16,주,일,1,3,1,2,0,충북,청주시,차대차,정면충돌,정면충돌,중앙선 침범,단일로,기타단일로,이륜차,승용차,1008831.0,1854429.0,127.5988487,36.68779591
2019,2019-09-01,19,야,일,1,0,0,0,0,충북,제천시,차대사람,횡단중,횡단중,과속,단일로,지하차도(도로)내,승용차,보행자,1059192.0,1906450.7,128.1666082,37.15491433
2019,2019-09-01,19,야,일,1,0,0,0,0,전북,군산시,차량단독,공작물충돌,공작물충돌,안전운전 의무 불이행,교차로,교차로부근,화물차,없음,925595.0,1774268.0,126.6748498,35.96231249
2019,2019-09-01,19,야,일,1,0,0,0,0,울산,동구,차대사람,횡단중,횡단중,안전운전 의무 불이행,교차로,교차로횡단보도내,승용차,보행자,1174841.0,1724024.0,129.4276338,35.4967305
2019,2019-09-02,5,야,월,1,0,0,0,0,서울,강동구,차대사람,횡단중,횡단중,신호위반,교차로,교차로내,화물차,보행자,969275.0,1948810.0,127.1522169,37.53809939
2019,2019-09-02,10,주,월,1,0,0,0,0,전남,해남군,차대사람,횡단중,횡단중,안전운전 의무 불이행,교차로,교차로내,화물차,보행자,902280.0,1620729.0,126.4346034,34.57603311
2019,2019-09-02,10,주,월,1,0,0,0,0,경남,의령군,차량단독,도로이탈,도로이탈 추락,안전운전 의무 불이행,단일로,기타단일로,사륜오토바이(ATV),없음,1069774.0,1706937.0,128.2679625,35.3556227
2019,2019-09-02,12,주,월,1,0,0,0,0,충북,제천시,차량단독,공작물충돌,공작물충돌,안전운전 의무 불이행,교차로,교차로부근,건설기계,없음,1052953.0,1910747.0,128.096654,37.19401413
2019,2019-09-02,13,주,월,1,1,1,0,0,강원,화천군,차량단독,공작물충돌,공작물충돌,안전운전 의무 불이행,단일로,기타단일로,승용차,없음,1021375.0,2017572.0,127.7439831,38.15811912
2019,2019-09-02,13,주,월,1,0,0,0,0,강원,동해시,차량단독,기타,기타,안전운전 의무 불이행,단일로,기타단일로,승용차,없음,1141277.5,1947057.7,129.0985429,37.51199826
2019,2019-09-02,13,주,월,1,4,0,4,0,충남,예산군,차대차,기타,기타,중앙선 침범,교차로,교차로부근,승용차,승용차,942082.8,1859558.3,126.8513407,36.73230926
2019,2019-09-02,17,주,월,1,0,0,0,0,서울,동대문구,차량단독,기타,기타,안전운전 의무 불이행,교차로,교차로내,자전거,없음,961169.0,1953007.0,127.0602432,37.57562241
2019,2019-09-02,19,야,월,1,0,0,0,0,충남,태안군,차량단독,공작물충돌,공작물충돌,안전운전 의무 불이행,기타,기타,화물차,없음,896965.0,1835984.0,126.3492673,36.51600378
2019,2019-09-02,19,야,월,1,0,0,0,0,경남,하동군,차대사람,횡단중,횡단중,안전운전 의무 불이행,단일로,기타단일로,화물차,보행자,1023289.0,1675184.0,127.7554393,35.07147295
2019,2019-09-02,19,야,월,1,0,0,0,0,경기,고양시,차대차,추돌,추돌,안전운전 의무 불이행,단일로,기타단일로,승용차,기타,941878.0,1970054.0,126.8404283,37.72824831
2019,2019-09-02,20,야,월,1,0,0,0,0,전남,영광군,차대사람,차도통행중,차도통행중,과속,단일로,기타단일로,승용차,보행자,910201.0,1696301.0,126.5128254,35.25813106
2019,2019-09-02,21,야,월,1,1,0,1,0,경기,가평군,차대차,정면충돌,정면충돌,중앙선 침범,교차로,교차로부근,이륜차,승용차,1001482.0,1981289.0,127.5168413,37.83135599
2019,2019-09-02,22,야,월,1,0,0,0,0,인천,계양구,차대사람,횡단중,횡단중,신호위반,단일로,기타단일로,이륜차,보행자,933237.0,1949047.0,126.7442969,37.53832965
2019,2019-09-03,5,야,화,1,0,0,0,0,충남,홍성군,차대사람,길가장자리구역통행중,길가장자리구역통행중,안전운전 의무 불이행,단일로,기타단일로,화물차,보행자,921375.0,1836044.0,126.6218476,36.51886302
2019,2019-09-03,6,주,화,1,0,0,0,0,경남,진주시,차대사람,횡단중,횡단중,안전운전 의무 불이행,단일로,기타단일로,화물차,보행자,1051521.0,1688842.0,128.0659364,35.19357706
2019,2019-09-03,7,주,화,1,0,0,0,0,경기,평택시,차량단독,기타,기타,안전운전 의무 불이행,단일로,기타단일로,화물차,없음,954184.0,1891936.0,126.9849094,37.02483142
2019,2019-09-03,8,주,화,1,1,0,1,0,서울,노원구,차대사람,횡단중,횡단중,안전운전 의무 불이행,단일로,기타단일로,건설기계,보행자,962571.0,1962740.0,127.075622,37.66340632
2019,2019-09-03,14,주,화,1,0,0,0,0,경북,안동시,차대사람,기타,기타,안전운전 의무 불이행,단일로,기타단일로,화물차,보행자,1113659.0,1851854.0,128.7717049,36.65783396
2019,2019-09-03,17,주,화,1,0,0,0,0,부산,북구,차대사람,횡단중,횡단중,안전운전 의무 불이행,기타,기타,이륜차,보행자,1137582.0,1693554.0,129.0118662,35.22794539
2019,2019-09-03,18,야,화,1,0,0,0,0,경기,고양시,차대차,측면충돌,측면충돌,신호위반,교차로,교차로내,승용차,이륜차,938707.0,1963829.0,126.80497,37.67193746
2019,2019-09-04,2,야,수,1,0,0,0,0,부산,동래구,차대사람,기타,기타,중앙선 침범,교차로,교차로내,승용차,보행자,1143703.0,1691222.0,129.0786995,35.20606682
2019,2019-09-04,4,야,수,1,0,0,0,0,경북,문경시,차대차,추돌,추돌,안전운전 의무 불이행,단일로,기타단일로,화물차,화물차,1055008.0,1854673.0,128.1157272,36.68844458
2019,2019-09-04,15,주,수,1,0,0,0,0,전남,여수시,차량단독,공작물충돌,공작물충돌,안전운전 의무 불이행,교차로,교차로내,승용차,없음,1023854.0,1635603.0,127.7605072,34.7145378
2019,2019-09-04,17,주,수,1,3,0,3,0,제주,제주시,차대차,추돌,추돌,안전운전 의무 불이행,단일로,기타단일로,화물차,승용차,892008.1,1497348.5,126.3378964,33.46248156
2019,2019-09-04,19,야,수,1,0,0,0,0,광주,북구,차대사람,기타,기타,안전운전 의무 불이행,단일로,기타단일로,승합차,보행자,948488.0,1685850.0,126.9343494,35.16659946
2019,2019-09-04,20,야,수,1,1,0,1,0,경기,양평군,차대사람,횡단중,횡단중,과속,단일로,기타단일로,승용차,보행자,1002710.0,1943584.0,127.5306561,37.49150224
2019,2019-09-04,23,야,수,1,1,0,0,1,경남,양산시,차대차,측면충돌,측면충돌,신호위반,교차로,교차로내,승용차,승합차,1151080.0,1713104.0,129.1637462,35.40220972
2019,2019-09-05,0,야,목,1,0,0,0,0,경남,김해시,차대사람,횡단중,횡단중,보행자 보호의무 위반,교차로,교차로내,승용차,보행자,1123274.0,1693773.0,128.8547121,35.2317811
2019,2019-09-05,4,야,목,1,0,0,0,0,대전,유성구,차대사람,기타,기타,안전운전 의무 불이행,단일로,기타단일로,화물차,보행자,985316.0,1817863.0,127.3363325,36.35807673
2019,2019-09-05,5,야,목,1,0,0,0,0,부산,부산진구,차대사람,차도통행중,차도통행중,안전운전 의무 불이행,교차로,교차로내,승용차,보행자,1141891.0,1685915.0,129.0578864,35.15848833
2019,2019-09-05,5,야,목,1,1,0,0,1,제주,제주시,차대사람,기타,기타,안전운전 의무 불이행,단일로,기타단일로,승용차,보행자,911957.0,1497223.0,126.5525508,33.46317615
2019,2019-09-05,6,주,목,1,0,0,0,0,경기,의왕시,차대사람,횡단중,횡단중,보행자 보호의무 위반,단일로,기타단일로,화물차,보행자,953596.0,1927478.0,126.9760907,37.34517001
2019,2019-09-05,8,주,목,1,0,0,0,0,충북,청주시,차량단독,공작물충돌,공작물충돌,안전운전 의무 불이행,단일로,지하차도(도로)내,화물차,없음,1007877.0,1848415.0,127.5881084,36.63358848
2019,2019-09-05,9,주,목,1,1,0,1,0,인천,미추홀구,차대차,정면충돌,정면충돌,중앙선 침범,교차로,교차로부근,승용차,승합차,925388.0,1938074.0,126.6565736,37.4388313
2019,2019-09-05,12,주,목,1,0,0,0,0,전북,김제시,차대사람,기타,기타,안전운전 의무 불이행,단일로,기타단일로,승합차,보행자,941201.0,1756472.0,126.8492226,35.8029372
2019,2019-09-05,12,주,목,1,0,0,0,0,경북,울진군,차대사람,기타,기타,안전운전 의무 불이행,교차로,교차로부근,화물차,보행자,1170778.0,1897677.0,129.4208352,37.06214524
2019,2019-09-05,13,주,목,1,0,0,0,0,제주,제주시,차대사람,횡단중,횡단중,안전운전 의무 불이행,단일로,기타단일로,농기계,보행자,935492.8,1507050.7,126.8050972,33.55348883
2019,2019-09-05,16,주,목,1,2,0,2,0,서울,금천구,차대차,정면충돌,정면충돌,중앙선 침범,교차로,교차로부근,승용차,화물차,946701.0,1939539.0,126.8973788,37.45350934
2019,2019-09-05,19,야,목,1,1,0,1,0,대전,서구,차대사람,횡단중,횡단중,안전운전 의무 불이행,단일로,기타단일로,이륜차,보행자,988024.0,1817643.0,127.3665191,36.35613088
2019,2019-09-05,22,야,목,1,0,0,0,0,경남,진주시,차대차,측면충돌,측면충돌,중앙선 침범,단일로,기타단일로,자전거,승용차,1054370.0,1687252.0,128.0971251,35.17909026
2019,2019-09-06,0,야,금,1,0,0,0,0,경남,고성군,차대사람,차도통행중,차도통행중,안전운전 의무 불이행,단일로,기타단일로,승용차,보행자,1074627.0,1664031.0,128.3174917,34.9684192
2019,2019-09-06,2,야,금,1,0,0,0,0,서울,중랑구,차대사람,횡단중,횡단중,과속,교차로,교차로횡단보도내,승합차,보행자,964032.0,1955482.0,127.092544,37.59804667
2019,2019-09-06,4,야,금,1,0,0,0,0,대구,중구,차대차,측면충돌,측면충돌,중앙선 침범,단일로,기타단일로,이륜차,승용차,1100022.0,1763403.0,128.6078342,35.86208181
2019,2019-09-06,5,야,금,1,0,0,0,0,전남,순천시,차대사람,보도통행중,보도통행중,신호위반,교차로,교차로횡단보도내,승용차,보행자,1001976.0,1663278.0,127.521645,34.96437866
2019,2019-09-06,8,주,금,1,0,0,0,0,경북,경산시,차대사람,횡단중,횡단중,안전운전 의무 불이행,단일로,기타단일로,승합차,보행자,1119792.0,1758603.0,128.8260362,35.81659737
2019,2019-09-06,9,주,금,1,0,0,0,0,경북,경산시,차량단독,전도,전도,안전운전 의무 불이행,단일로,기타단일로,이륜차,없음,1120526.0,1756972.0,128.8339133,35.801806
2019,2019-09-06,19,야,금,1,0,0,0,0,충남,아산시,차대차,기타,기타,안전운전 의무 불이행,단일로,기타단일로,승용차,승용차,955642.0,1865493.0,127.0028495,36.7865381
2019,2019-09-06,19,야,금,1,0,0,0,0,대구,북구,차대차,추돌,추돌,안전운전 의무 불이행,단일로,터널안,화물차,화물차,1092895.0,1770063.0,128.5296853,35.92282127
2019,2019-09-06,22,야,금,1,0,0,0,0,경북,청도군,차량단독,기타,기타,안전운전 의무 불이행,단일로,기타단일로,개인형이동수단(PM),없음,1117693.0,1743985.0,128.8006607,35.68508498
2019,2019-09-06,22,야,금,1,1,0,1,0,인천,서구,차대차,정면충돌,정면충돌,신호위반,교차로,교차로내,이륜차,승용차,926092.0,1949317.0,126.6634016,37.54021784
2019,2019-09-07,1,야,토,1,0,0,0,0,경북,구미시,차대사람,기타,기타,중앙선 침범,단일로,기타단일로,화물차,보행자,1079221.0,1802358.0,128.3813767,36.21515757
2019,2019-09-07,6,주,토,1,0,0,0,0,대구,북구,차량단독,기타,기타,안전운전 의무 불이행,단일로,기타단일로,승용차,없음,1099014.5,1768967.3,128.597369,35.91234332
2019,2019-09-07,7,주,토,1,1,0,1,0,경기,용인시,차대차,측면충돌,측면충돌,안전운전 의무 불이행,단일로,기타단일로,화물차,자전거,965593.0,1917447.0,127.1120004,37.25527524
2019,2019-09-07,15,주,토,1,4,2,2,0,강원,원주시,차대차,측면충돌,측면충돌,중앙선 침범,단일로,기타단일로,승용차,승합차,1034028.0,1910363.0,127.8834025,37.19143479
2019,2019-09-07,19,야,토,1,0,0,0,0,서울,강서구,차대사람,횡단중,횡단중,안전운전 의무 불이행,교차로,교차로내,화물차,보행자,939240.0,1950878.0,126.8120896,37.55524762
2019,2019-09-07,19,야,토,1,0,0,0,0,경기,김포시,차대사람,기타,기타,안전운전 의무 불이행,단일로,기타단일로,승용차,보행자,922659.0,1968267.0,126.6225405,37.71072147
2019,2019-09-07,21,야,토,2,0,0,0,0,경기,안양시,차대사람,횡단중,횡단중,안전운전 의무 불이행,교차로,교차로부근,승용차,보행자,951973.0,1930281.0,126.9575857,37.37035223
2019,2019-09-07,21,야,토,1,0,0,0,0,경기,남양주시,차대사람,횡단중,횡단중,안전운전 의무 불이행,단일로,기타단일로,승용차,보행자,976488.0,1951369.0,127.2337795,37.56137715
2019,2019-09-08,3,야,일,1,0,0,0,0,강원,춘천시,차량단독,공작물충돌,공작물충돌,안전운전 의무 불이행,단일로,기타단일로,승용차,없음,1020320.0,1985412.0,127.7310294,37.86829167
2019,2019-09-08,4,야,일,1,1,1,0,0,경남,양산시,차대사람,기타,기타,안전운전 의무 불이행,단일로,기타단일로,특수차,보행자,1141033.0,1710613.0,129.0527121,35.38123013
2019,2019-09-08,11,주,일,1,0,0,0,0,전남,해남군,차량단독,기타,기타,안전운전 의무 불이행,단일로,기타단일로,농기계,없음,917976.0,1596861.0,126.6080024,34.36218597
2019,2019-09-08,17,주,일,1,1,0,1,0,경북,포항시,차대사람,기타,기타,안전운전 의무 불이행,단일로,기타단일로,승용차,보행자,1166810.0,1778942.0,129.3505563,35.99301365
2019,2019-09-08,23,야,일,1,0,0,0,0,경기,안양시,차대사람,횡단중,횡단중,안전운전 의무 불이행,교차로,교차로횡단보도내,승용차,보행자,951113.0,1933659.0,126.94765,37.40075463
2019,2019-09-09,6,주,월,1,0,0,0,0,경기,안산시,차대차,정면충돌,정면충돌,신호위반,교차로,교차로내,승용차,개인형이동수단(PM),939805.0,1924302.0,126.8206546,37.31575183
2019,2019-09-09,6,주,월,1,0,0,0,0,강원,평창군,차량단독,전복,전복,안전운전 의무 불이행,단일로,기타단일로,승용차,없음,1098101.0,1974295.0,128.6137657,37.76305549
2019,2019-09-09,14,주,월,2,0,0,0,0,전북,장수군,차량단독,공작물충돌,공작물충돌,안전운전 의무 불이행,단일로,기타단일로,화물차,없음,1002268.5,1746891.2,127.525081,35.71831253
2019,2019-09-09,19,야,월,1,0,0,0,0,충남,아산시,차량단독,공작물충돌,공작물충돌,안전운전 의무 불이행,단일로,기타단일로,화물차,없음,950194.0,1866851.0,126.9417037,36.79850869
2019,2019-09-09,23,야,월,1,0,0,0,0,경남,양산시,차량단독,공작물충돌,공작물충돌,안전운전 의무 불이행,단일로,기타단일로,원동기장치자전거,없음,1137335.0,1704074.0,129.0109132,35.32280539
2019,2019-09-09,23,야,월,1,0,0,0,0,대구,동구,차량단독,도로이탈,도로이탈 추락,안전운전 의무 불이행,단일로,기타단일로,승용차,없음,1103397.0,1765102.0,128.6454292,35.87704669
2019,2019-09-10,10,주,화,1,0,0,0,0,경기,의정부시,차대사람,횡단중,횡단중,안전운전 의무 불이행,단일로,기타단일로,화물차,보행자,965908.0,1972593.0,127.1129952,37.75234287
2019,2019-09-10,11,주,화,1,0,0,0,0,서울,강북구,차대사람,횡단중,횡단중,안전운전 의무 불이행,교차로,교차로내,화물차,보행자,959418.0,1958883.0,127.040088,37.62850856
2019,2019-09-10,16,주,화,1,0,0,0,0,인천,남동구,차대사람,횡단중,횡단중,안전운전 의무 불이행,단일로,기타단일로,승용차,보행자,929192.0,1940646.0,126.6993237,37.46231139
2019,2019-09-10,19,야,화,1,0,0,0,0,경기,평택시,차대사람,기타,기타,안전운전 의무 불이행,단일로,기타단일로,승용차,보행자,943873.0,1886039.0,126.8694319,36.97111677
2019,2019-09-10,19,야,화,1,0,0,0,0,충남,서산시,차대사람,횡단중,횡단중,안전운전 의무 불이행,교차로,교차로내,승용차,보행자,912197.0,1860466.0,126.5165594,36.73819614
2019,2019-09-10,19,야,화,1,0,0,0,0,충남,당진시,차량단독,전복,전복,안전운전 의무 불이행,단일로,기타단일로,승용차,없음,920765.0,1875028.0,126.6109985,36.87020707
2019,2019-09-10,22,야,화,1,0,0,0,0,강원,춘천시,차대사람,횡단중,횡단중,안전운전 의무 불이행,단일로,기타단일로,승용차,보행자,1021238.0,1984713.0,127.741446,37.86197063
2019,2019-09-11,6,주,수,1,0,0,0,0,경기,하남시,차대사람,횡단중,횡단중,보행자 보호의무 위반,교차로,교차로내,승용차,보행자,972160.0,1950491.0,127.1848086,37.55334268
2019,2019-09-11,7,주,수,2,0,0,0,0,강원,화천군,차대사람,길가장자리구역통행중,길가장자리구역통행중,안전운전 의무 불이행,단일로,기타단일로,승용차,보행자,1013020.0,2017828.0,127.6486207,38.16058574
2019,2019-09-11,11,주,수,1,0,0,0,0,강원,춘천시,차대사람,횡단중,횡단중,교차로 통행방법 위반,단일로,기타단일로,승용차,보행자,1020005.0,1984385.0,127.7274196,37.85904226
2019,2019-09-11,11,주,수,1,0,0,0,0,대전,동구,차대사람,차도통행중,차도통행중,안전운전 의무 불이행,교차로,교차로내,승용차,보행자,995526.0,1812338.0,127.4501645,36.30836812
2019,2019-09-11,17,주,수,1,1,0,1,0,충남,아산시,차대사람,횡단중,횡단중,보행자 보호의무 위반,교차로,교차로내,화물차,보행자,955130.0,1864225.0,126.9971861,36.7750837
2019,2019-09-11,19,야,수,1,0,0,0,0,충남,당진시,차대차,추돌,추돌,안전운전 의무 불이행,단일로,기타단일로,승용차,농기계,932309.0,1869659.0,126.7409873,36.82270983
2019,2019-09-11,20,야,수,1,2,1,1,0,전북,전주시,차대차,측면충돌,측면충돌,과속,교차로,교차로내,승용차,승용차,972713.0,1753992.0,127.1980698,35.78195919
2019,2019-09-11,20,야,수,1,0,0,0,0,경북,영주시,차대사람,차도통행중,차도통행중,과속,단일로,기타단일로,승용차,보행자,1102936.0,1864884.0,128.6535056,36.77649423
2019,2019-09-11,20,야,수,1,0,0,0,0,경기,파주시,차대사람,횡단중,횡단중,중앙선 침범,단일로,기타단일로,승용차,보행자,937207.0,1983972.0,126.7862194,37.8533761
2019,2019-09-11,21,야,수,1,0,0,0,0,경남,창원시(통합),차량단독,주/정차차량 충돌,주/정차차량 충돌,안전운전 의무 불이행,단일로,기타단일로,원동기장치자전거,화물차,1106524.0,1693450.0,128.6706341,35.23078928
2019,2019-09-11,23,야,수,1,0,0,0,0,서울,중랑구,차대사람,횡단중,횡단중,과속,단일로,기타단일로,승용차,보행자,963595.0,1955734.0,127.0875811,37.60030083
2019,2019-09-12,1,야,목,1,0,0,0,0,경북,영덕군,차대사람,보도통행중,보도통행중,안전운전 의무 불이행,교차로,교차로부근,승용차,보행자,1168799.9,1815739.5,129.3805257,36.32424812
2019,2019-09-12,4,야,목,1,0,0,0,0,부산,부산진구,차대사람,차도통행중,차도통행중,안전운전 의무 불이행,단일로,기타단일로,승용차,보행자,1140007.0,1686141.0,129.0372461,35.16078968
2019,2019-09-12,7,주,목,2,0,0,0,0,강원,동해시,철길건널목,철길건널목,철길건널목,기타,철길건널목,철길건널목,승용차,기타,1140448.0,1955845.0,129.0908429,37.59129942
2019,2019-09-12,13,주,목,1,0,0,0,0,경남,거제시,차대차,측면충돌,측면충돌,안전운전 의무 불이행,단일로,기타단일로,승용차,이륜차,1103693.0,1653588.0,128.6345472,34.87170692
2019,2019-09-12,20,야,목,1,0,0,0,0,서울,서대문구,차대사람,횡단중,횡단중,안전운전 의무 불이행,단일로,기타단일로,승합차,보행자,951428.3,1953922.0,126.9498744,37.58340697
2019,2019-09-12,21,야,목,1,1,0,1,0,서울,서대문구,차대사람,횡단중,횡단중,안전운전 의무 불이행,단일로,기타단일로,승합차,보행자,948183.5,1952464.6,126.9132284,37.57009432
2019,2019-09-12,21,야,목,1,0,0,0,0,서울,금천구,차대사람,길가장자리구역통행중,길가장자리구역통행중,안전운전 의무 불이행,단일로,기타단일로,승합차,보행자,946796.0,1941595.0,126.8983043,37.472046
2019,2019-09-12,23,야,목,1,2,0,2,0,경북,경주시,차대차,추돌,추돌,안전운전 의무 불이행,교차로,교차로부근,승용차,승용차,1160112.0,1756657.0,129.271801,35.79330943
2019,2019-09-12,23,야,목,1,0,0,0,0,인천,연수구,차대차,측면충돌,측면충돌,교차로 통행방법 위반,교차로,교차로내,승합차,이륜차,925032.0,1936641.0,126.6526954,37.4258872
2019,2019-09-13,1,야,금,1,1,0,0,1,경기,평택시,차대사람,기타,기타,안전운전 의무 불이행,단일로,기타단일로,승용차,보행자,951265.0,1888919.0,126.9522888,36.9974892
2019,2019-09-13,5,야,금,1,1,1,0,0,서울,용산구,차량단독,공작물충돌,공작물충돌,안전운전 의무 불이행,단일로,지하차도(도로)내,이륜차,없음,956187.0,1948949.0,127.0040669,37.53882303
2019,2019-09-13,8,주,금,1,0,0,0,0,충남,예산군,차량단독,공작물충돌,공작물충돌,안전운전 의무 불이행,교차로,교차로부근,승용차,없음,942013.7,1858642.3,126.8506364,36.72404797