발생년,발생년월일,발생시간,주야,요일,사망자수,부상자수,중상자수,경상자수,부상신고자수,발생지시도,발생지시군구,사고유형_대분류,사고유형_중분류,사고유형,가해자법규위반,도로형태_대분류,도로형태,가해자_당사자종별,피해자_당사자종별,발생위치X_UTMK,발생위치Y_UTMK,경도,위도
2019,2019-10-11,19,야,금,1,0,0,0,0,충남,서천군,차대차,추돌,추돌,안전운전 의무 불이행,단일로,기타단일로,승용차,자전거,925664.0,1787253.0,126.6743947,36.07937721
2019,2019-10-11,20,야,금,1,0,0,0,0,서울,동대문구,차대차,측면충돌,측면충돌,신호위반,교차로,교차로내,승용차,이륜차,958557.6,1952844.3,127.0306795,37.57404209
2019,2019-10-11,20,야,금,1,0,0,0,0,충남,당진시,차대사람,길가장자리구역통행중,길가장자리구역통행중,안전운전 의무 불이행,단일로,기타단일로,승용차,보행자,929998.0,1880925.0,126.7140367,36.92409077
2019,2019-10-11,20,야,금,1,2,2,0,0,경북,청송군,차대사람,횡단중,횡단중,안전운전 의무 불이행,단일로,지하차도(도로)내,승용차,보행자,1150849.0,1810085.0,129.1795316,36.2762708
2019,2019-10-11,22,야,금,1,0,0,0,0,경기,평택시,차대사람,기타,기타,안전운전 의무 불이행,단일로,지하차도(도로)내,화물차,보행자,964718.0,1894051.0,127.1032367,37.04435132
2019,2019-10-12,3,야,토,1,6,3,3,0,인천,남동구,차대차,측면충돌,측면충돌,신호위반,교차로,교차로내,승용차,승용차,929916.0,1939246.0,126.7076429,37.44974856
2019,2019-10-12,7,주,토,1,0,0,0,0,서울,성동구,차대차,추돌,추돌,기타,교차로,교차로부근,승용차,자전거,960397.0,1948641.0,127.0517364,37.53623744
2019,2019-10-12,8,주,토,1,0,0,0,0,전남,순천시,차대사람,기타,기타,안전운전 의무 불이행,교차로,교차로부근,화물차,보행자,996504.0,1682930.0,127.4616221,35.14158373
2019,2019-10-12,9,주,토,1,0,0,0,0,충남,아산시,차대차,기타,기타,안전운전 의무 불이행,교차로,교차로내,건설기계,이륜차,958735.0,1865746.0,127.0375001,36.78895859
2019,2019-10-12,13,주,토,2,13,4,5,4,경기,이천시,차대차,추돌,추돌,안전거리 미확보,단일로,기타단일로,승합차,승용차,995024.0,1911445.0,127.4439263,37.20179518
2019,2019-10-12,13,주,토,1,0,0,0,0,전남,완도군,차량단독,공작물충돌,공작물충돌,안전운전 의무 불이행,단일로,기타단일로,농기계,없음,918354.0,1578641.0,126.6138387,34.19791839
2019,2019-10-12,16,주,토,1,0,0,0,0,전남,나주시,차량단독,도로이탈,도로이탈 추락,안전운전 의무 불이행,단일로,기타단일로,농기계,없음,925372.0,1661730.0,126.6827033,34.94767197
2019,2019-10-12,18,야,토,1,0,0,0,0,충북,보은군,차대사람,차도통행중,차도통행중,안전운전 의무 불이행,단일로,기타단일로,화물차,보행자,1028272.0,1827129.0,127.815455,36.44130818
2019,2019-10-12,19,야,토,1,1,0,1,0,경북,성주군,차대차,추돌,추돌,안전운전 의무 불이행,단일로,기타단일로,화물차,농기계,1071698.0,1769109.0,128.2946665,35.91600591
2019,2019-10-12,20,야,토,1,1,0,1,0,경북,구미시,차대사람,기타,기타,안전운전 의무 불이행,교차로,교차로부근,승용차,보행자,1078101.0,1792528.0,128.3679396,36.1266347
2019,2019-10-12,23,야,토,1,4,0,4,0,경기,평택시,차대차,추돌,추돌,안전운전 의무 불이행,단일로,기타단일로,화물차,특수차,943880.0,1889082.0,126.8692841,36.9985465
2019,2019-10-13,3,야,일,1,0,0,0,0,경남,창원시(통합),차량단독,전도,전도,안전운전 의무 불이행,단일로,기타단일로,이륜차,없음,1107243.0,1692081.0,128.6783555,35.21837081
2019,2019-10-13,18,야,일,1,0,0,0,0,전남,영암군,차대사람,횡단중,횡단중,안전운전 의무 불이행,교차로,교차로부근,승용차,보행자,906017.0,1639169.0,126.4732916,34.74264614
2019,2019-10-14,0,야,월,1,0,0,0,0,경북,안동시,차량단독,도로이탈,도로이탈 추락,안전운전 의무 불이행,단일로,기타단일로,승용차,없음,1090627.0,1841225.0,128.5127925,36.56450097
2019,2019-10-14,4,야,월,1,0,0,0,0,대구,서구,차량단독,공작물충돌,공작물충돌,기타,단일로,기타단일로,화물차,없음,1093403.0,1763312.0,128.5345233,35.86191507
2019,2019-10-14,5,야,월,1,0,0,0,0,충북,충주시,차대사람,횡단중,횡단중,안전운전 의무 불이행,단일로,기타단일로,승용차,보행자,1038248.0,1895694.0,127.9302002,37.05904525
2019,2019-10-14,5,야,월,1,0,0,0,0,전남,광양시,차대사람,차도통행중,차도통행중,안전운전 의무 불이행,단일로,기타단일로,특수차,보행자,1012820.3,1657227.9,127.6403399,34.90974258
2019,2019-10-14,10,주,월,1,0,0,0,0,경기,안성시,차대차,측면충돌,측면충돌,기타,교차로,교차로내,화물차,사륜오토바이(ATV),984403.0,1891611.0,127.3246532,37.0228901
2019,2019-10-14,12,주,월,1,0,0,0,0,서울,서대문구,차량단독,기타,기타,안전운전 의무 불이행,단일로,기타단일로,승용차,없음,948388.0,1953894.0,126.9154433,37.5829891
2019,2019-10-14,14,주,월,1,0,0,0,0,전남,곡성군,차대사람,기타,기타,안전운전 의무 불이행,단일로,기타단일로,화물차,보행자,976282.3,1681157.9,127.2396875,35.12533082
2019,2019-10-14,14,주,월,1,0,0,0,0,경기,의정부시,차대사람,횡단중,횡단중,안전운전 의무 불이행,교차로,교차로내,승용차,보행자,960214.0,1967924.0,127.0486154,37.71003106
2019,2019-10-14,18,야,월,1,0,0,0,0,충남,서천군,차대사람,횡단중,횡단중,안전운전 의무 불이행,단일로,기타단일로,승용차,보행자,928000.0,1779712.0,126.7010241,36.01157103
2019,2019-10-14,19,야,월,1,0,0,0,0,전북,임실군,차대사람,기타,기타,안전운전 의무 불이행,단일로,기타단일로,승용차,보행자,986447.0,1722598.0,127.3505635,35.49918218
2019,2019-10-15,6,주,화,1,0,0,0,0,경북,칠곡군,차대차,추돌,추돌,안전운전 의무 불이행,단일로,기타단일로,승용차,농기계,1082480.0,1781386.0,128.4154333,36.02583073
2019,2019-10-15,10,주,화,1,0,0,0,0,강원,철원군,차량단독,공작물충돌,공작물충돌,과속,단일로,기타단일로,화물차,없음,997184.0,2016335.0,127.4678618,38.14721947
2019,2019-10-15,10,주,화,1,0,0,0,0,충남,논산시,차량단독,전도,전도,안전운전 의무 불이행,단일로,교량위,사륜오토바이(ATV),없음,981708.0,1796242.0,127.2966239,36.16309088
2019,2019-10-15,10,주,화,1,0,0,0,0,인천,연수구,차대차,측면충돌,측면충돌,안전운전 의무 불이행,교차로,교차로부근,승용차,자전거,926384.0,1936150.0,126.6680234,37.42157044
2019,2019-10-15,11,주,화,1,0,0,0,0,충남,보령시,차량단독,전복,전복,안전운전 의무 불이행,단일로,기타단일로,화물차,없음,918024.0,1832514.0,126.5847995,36.4867621
2019,2019-10-15,17,주,화,1,0,0,0,0,경기,안산시,차대차,측면충돌,측면충돌,안전운전 의무 불이행,교차로,교차로내,자전거,화물차,935610.0,1921842.0,126.7735276,37.29329801
2019,2019-10-15,18,야,화,1,0,0,0,0,강원,원주시,차대사람,횡단중,횡단중,안전운전 의무 불이행,교차로,교차로부근,화물차,보행자,1040405.0,1934313.0,127.9565549,37.40705831
2019,2019-10-15,18,야,화,1,0,0,0,0,충남,태안군,차대사람,횡단중,횡단중,안전운전 의무 불이행,단일로,기타단일로,승용차,보행자,891644.0,1864986.0,126.2857552,36.77680916
2019,2019-10-15,19,야,화,1,0,0,0,0,전남,여수시,차대차,추돌,추돌,안전거리 미확보,단일로,기타단일로,승용차,농기계,1009642.0,1641110.0,127.6053628,34.76443189
2019,2019-10-16,7,주,수,1,3,3,0,0,충남,아산시,차대차,기타,기타,신호위반,교차로,교차로부근,승용차,승용차,961086.0,1880665.0,127.0630847,36.92354375
2019,2019-10-16,9,주,수,1,0,0,0,0,충남,당진시,차량단독,공작물충돌,공작물충돌,안전운전 의무 불이행,단일로,기타단일로,이륜차,없음,922754.0,1878388.0,126.63297,36.90065749
2019,2019-10-16,10,주,수,1,0,0,0,0,전남,여수시,차량단독,공작물충돌,공작물충돌,안전운전 의무 불이행,단일로,기타단일로,이륜차,없음,1007987.0,1652755.0,127.5873886,34.86945735
2019,2019-10-16,10,주,수,1,2,0,2,0,경기,화성시,차대차,추돌,추돌,안전거리 미확보,단일로,교량위,화물차,특수차,933686.0,1917263.0,126.7522303,37.25189114
2019,2019-10-16,10,주,수,1,0,0,0,0,광주,북구,차대사람,횡단중,횡단중,안전운전 의무 불이행,교차로,교차로내,화물차,보행자,948374.0,1687357.0,126.9330033,35.18018183
2019,2019-10-16,12,주,수,1,0,0,0,0,충남,논산시,차량단독,도로이탈,도로이탈 추락,안전운전 의무 불이행,단일로,기타단일로,이륜차,없음,973308.0,1801914.0,127.2030381,36.21403197
2019,2019-10-16,13,주,수,2,0,0,0,0,경남,거창군,차대차,정면충돌,정면충돌,중앙선 침범,단일로,기타단일로,승용차,승용차,1032039.0,1745709.0,127.8541792,35.70713487
2019,2019-10-16,14,주,수,1,0,0,0,0,강원,동해시,차대사람,횡단중,횡단중,안전운전 의무 불이행,기타,기타,승용차,보행자,1142127.0,1944149.0,129.1075894,37.48566009
2019,2019-10-16,14,주,수,1,0,0,0,0,전북,임실군,차대차,측면충돌,측면충돌,안전운전 의무 불이행,단일로,기타단일로,원동기장치자전거,화물차,979362.3,1720045.9,127.2725124,35.47604877
2019,2019-10-16,14,주,수,1,0,0,0,0,인천,미추홀구,차대사람,기타,기타,안전운전 의무 불이행,교차로,교차로횡단보도내,화물차,보행자,926022.0,1941015.0,126.6634446,37.4653888
2019,2019-10-16,18,야,수,1,0,0,0,0,전북,김제시,차대사람,차도통행중,차도통행중,안전운전 의무 불이행,교차로,교차로내,승용차,보행자,945828.0,1757580.0,126.9003557,35.81319293
2019,2019-10-16,18,야,수,1,0,0,0,0,경남,함안군,차대사람,횡단중,횡단중,안전운전 의무 불이행,교차로,교차로횡단보도내,승용차,보행자,1093165.0,1698480.0,128.5244196,35.27746853
2019,2019-10-16,19,야,수,1,0,0,0,0,경기,안성시,차대사람,기타,기타,안전운전 의무 불이행,단일로,기타단일로,승용차,보행자,994294.0,1898448.0,127.4357992,37.08463336
2019,2019-10-16,19,야,수,1,0,0,0,0,충북,음성군,차대사람,횡단중,횡단중,안전운전 의무 불이행,교차로,교차로부근,화물차,보행자,1001698.0,1886211.0,127.5190774,36.97434018
2019,2019-10-16,19,야,수,1,0,0,0,0,경남,거제시,차대차,추돌,추돌,안전운전 의무 불이행,단일로,기타단일로,승용차,농기계,1105529.0,1660317.0,128.6554815,34.93218481
2019,2019-10-16,20,야,수,1,0,0,0,0,경남,김해시,차대사람,기타,기타,안전운전 의무 불이행,단일로,기타단일로,화물차,보행자,1114427.0,1701203.0,128.7585457,35.29981055
2019,2019-10-16,21,야,수,1,0,0,0,0,충북,충주시,차대사람,횡단중,횡단중,과속,교차로,교차로부근,승용차,보행자,1037707.0,1888009.0,127.9237304,36.98979346
2019,2019-10-17,4,야,목,1,2,1,1,0,서울,양천구,차대차,추돌,추돌,안전운전 의무 불이행,단일로,기타단일로,승용차,건설기계,940619.0,1947444.0,126.8279792,37.52438696
2019,2019-10-17,6,주,목,1,0,0,0,0,충남,청양군,차대차,측면충돌,측면충돌,중앙선 침범,단일로,기타단일로,농기계,승합차,951001.0,1826060.0,126.9533512,36.43083619
2019,2019-10-17,7,주,목,1,0,0,0,0,경기,의왕시,차대차,기타,기타,안전운전 의무 불이행,교차로,교차로횡단보도내,자전거,화물차,951954.0,1924555.0,126.9577424,37.31873995
2019,2019-10-17,15,주,목,1,0,0,0,0,경기,여주시,차대차,측면충돌,측면충돌,안전운전 의무 불이행,단일로,기타단일로,화물차,이륜차,1005719.0,1922251.0,127.5645294,37.29919666
2019,2019-10-17,17,주,목,1,0,0,0,0,강원,원주시,차대차,정면충돌,정면충돌,중앙선 침범,단일로,기타단일로,이륜차,화물차,1034467.0,1908086.0,127.8882436,37.17089393
2019,2019-10-17,20,야,목,1,0,0,0,0,경북,영천시,차대사람,차도통행중,차도통행중,안전운전 의무 불이행,단일로,기타단일로,승용차,보행자,1123730.0,1771799.0,128.8716661,35.93505137
2019,2019-10-17,20,야,목,1,0,0,0,0,대전,동구,차대사람,횡단중,횡단중,신호위반,교차로,교차로횡단보도내,승용차,보행자,994060.9,1816300.9,127.4338147,36.34408751
2019,2019-10-18,2,야,금,1,0,0,0,0,대구,달서구,차량단독,공작물충돌,공작물충돌,안전운전 의무 불이행,단일로,기타단일로,이륜차,없음,1091646.0,1762949.0,128.5150239,35.8588087
2019,2019-10-18,5,야,금,1,0,0,0,0,서울,동대문구,차대차,정면충돌,정면충돌,안전운전 의무 불이행,교차로,교차로내,승용차,자전거,959327.0,1952949.0,127.0393866,37.57502009
2019,2019-10-18,6,주,금,1,0,0,0,0,광주,서구,차대차,측면충돌,측면충돌,신호위반,교차로,교차로내,자전거,승용차,944215.0,1685251.0,126.8874706,35.1609703
2019,2019-10-18,8,주,금,1,9,0,9,0,제주,제주시,차대차,기타,기타,신호위반,교차로,교차로내,승용차,승합차,914622.0,1503202.0,126.5806565,33.51731362
2019,2019-10-18,10,주,금,1,0,0,0,0,충남,서천군,차대사람,횡단중,횡단중,보행자 보호의무 위반,단일로,기타단일로,화물차,보행자,926850.0,1786786.0,126.687609,36.07525725
2019,2019-10-18,11,주,금,1,0,0,0,0,충남,예산군,차대차,기타,기타,안전운전 의무 불이행,단일로,기타단일로,화물차,원동기장치자전거,938803.0,1859608.0,126.8146061,36.7325514
2019,2019-10-18,12,주,금,1,0,0,0,0,대구,달서구,차대차,측면충돌,측면충돌,안전운전 의무 불이행,기타,기타,승용차,승용차,1092308.0,1762277.0,128.5222771,35.85268865
2019,2019-10-18,16,주,금,1,0,0,0,0,충남,천안시,차량단독,전도,전도,안전운전 의무 불이행,단일로,기타단일로,이륜차,없음,980832.0,1862639.0,127.2852399,36.76165503
2019,2019-10-18,16,주,금,1,0,0,0,0,전북,부안군,차대차,측면충돌,측면충돌,기타,교차로,교차로내,이륜차,승용차,930578.0,1749661.0,126.7322482,35.74083893
2019,2019-10-18,18,야,금,1,0,0,0,0,충남,서천군,차량단독,도로이탈,도로이탈 추락,안전운전 의무 불이행,단일로,기타단일로,농기계,없음,922480.0,1791464.0,126.6386212,36.11708962
2019,2019-10-18,18,야,금,1,0,0,0,0,전남,구례군,차대사람,횡단중,횡단중,보행자 보호의무 위반,단일로,기타단일로,승합차,보행자,1002226.0,1689204.0,127.5244532,35.19816118
2019,2019-10-18,23,야,금,1,0,0,0,0,경기,구리시,차량단독,전복,전복,안전운전 의무 불이행,기타,기타,승용차,없음,970657.0,1954983.0,127.1676127,37.59378423
2019,2019-10-19,5,야,토,1,0,0,0,0,강원,속초시,차대사람,횡단중,횡단중,안전운전 의무 불이행,교차로,교차로횡단보도내,승용차,보행자,1094397.0,2021970.0,128.5779865,38.19306119
2019,2019-10-19,6,주,토,1,0,0,0,0,충북,단양군,차대차,추돌,추돌,안전운전 의무 불이행,단일로,기타단일로,화물차,화물차,1080364.0,1879801.0,128.4021734,36.91313296
2019,2019-10-19,11,주,토,1,0,0,0,0,경기,의정부시,차량단독,공작물충돌,공작물충돌,안전운전 의무 불이행,교차로,교차로내,이륜차,없음,959971.0,1973299.0,127.0455626,37.75846548
2019,2019-10-19,15,주,토,1,4,0,4,0,경북,문경시,차대차,추돌,추돌,안전운전 의무 불이행,단일로,기타단일로,승용차,승용차,1055124.0,1855550.0,128.1170887,36.69634346
2019,2019-10-19,16,주,토,1,1,1,0,0,전북,무주군,차대차,측면충돌,측면충돌,과속,교차로,교차로내,승용차,원동기장치자전거,1012195.0,1769714.0,127.6351785,35.92401427
2019,2019-10-19,17,주,토,1,0,0,0,0,경기,시흥시,차대차,측면충돌,측면충돌,신호위반,교차로,교차로내,화물차,승용차,929329.0,1925778.0,126.7022942,37.32831735
2019,2019-10-19,18,야,토,1,0,0,0,0,전북,익산시,차대사람,기타,기타,안전운전 의무 불이행,단일로,기타단일로,화물차,보행자,961723.0,1778199.0,127.0753043,35.99983935
2019,2019-10-19,19,야,토,1,0,0,0,0,부산,기장군,차대차,측면충돌,측면충돌,안전운전 의무 불이행,단일로,기타단일로,승용차,승용차,1149444.0,1707932.0,129.1447901,35.35584049
2019,2019-10-19,19,야,토,1,1,1,0,0,전북,고창군,차대차,추돌,추돌,과속,기타,기타,승용차,화물차,916506.0,1703597.0,126.5813862,35.32445625
2019,2019-10-20,2,야,일,1,0,0,0,0,인천,미추홀구,차대사람,차도통행중,차도통행중,과속,단일로,기타단일로,이륜차,보행자,928321.0,1940006.0,126.6895378,37.45647604
2019,2019-10-20,9,주,일,1,0,0,0,0,제주,서귀포시,차대차,측면충돌,측면충돌,안전거리 미확보,단일로,기타단일로,승용차,승용차,908757.6,1473310.7,126.5205443,33.24725428
2019,2019-10-20,11,주,일,2,1,0,1,0,경기,평택시,차대차,측면충돌,측면충돌,신호위반,교차로,교차로내,이륜차,승용차,947323.0,1879068.0,126.9086753,36.90847941
2019,2019-10-20,14,주,일,1,0,0,0,0,충남,청양군,차량단독,도로이탈,도로이탈 기타,안전운전 의무 불이행,교차로,교차로부근,승용차,없음,949552.0,1821763.0,126.9374658,36.39202411
2019,2019-10-20,18,야,일,1,0,0,0,0,전북,남원시,차대사람,횡단중,횡단중,과속,교차로,교차로내,이륜차,보행자,975429.0,1705169.0,127.2296047,35.34181826
2019,2019-10-20,21,야,일,1,0,0,0,0,전북,고창군,차량단독,기타,기타,안전운전 의무 불이행,단일로,기타단일로,승용차,없음,913092.1,1723422.1,126.5417166,35.50289949
2019,2019-10-21,2,야,월,1,0,0,0,0,충남,당진시,차량단독,공작물충돌,공작물충돌,안전운전 의무 불이행,단일로,기타단일로,이륜차,없음,924044.0,1877356.0,126.6475513,36.89146024
2019,2019-10-21,2,야,월,1,0,0,0,0,충남,천안시,차대차,기타,기타,안전운전 의무 불이행,단일로,기타단일로,화물차,승용차,969913.0,1860975.0,127.1629696,36.74637095
2019,2019-10-21,5,야,월,1,0,0,0,0,경남,양산시,차대사람,기타,기타,안전운전 의무 불이행,교차로,교차로부근,승용차,보행자,1139164.0,1705849.0,129.0313307,35.33855164
2019,2019-10-21,5,야,월,1,0,0,0,0,제주,서귀포시,차대사람,기타,기타,안전운전 의무 불이행,교차로,교차로내,승용차,보행자,914614.1,1475019.5,126.5832436,33.26314488
2019,2019-10-21,5,야,월,1,0,0,0,0,경기,의정부시,차대사람,횡단중,횡단중,안전운전 의무 불이행,교차로,교차로횡단보도내,승용차,보행자,960092.0,1968587.0,127.047195,37.71600141
2019,2019-10-21,11,주,월,3,0,0,0,0,경북,상주시,차대사람,기타,기타,안전운전 의무 불이행,단일로,기타단일로,화물차,보행자,1066102.0,1818195.0,128.2367735,36.35891032
2019,2019-10-21,14,주,월,1,0,0,0,0,전북,고창군,차대차,추돌,추돌,안전운전 의무 불이행,단일로,기타단일로,화물차,농기계,923745.7,1715860.5,126.659885,35.43560169
2019,2019-10-21,15,주,월,1,0,0,0,0,경북,상주시,차량단독,전도,전도,안전운전 의무 불이행,단일로,기타단일로,건설기계,없음,1053499.0,1821975.0,128.0965682,36.3937702
2019,2019-10-21,16,주,월,2,0,0,0,0,충북,괴산군,차량단독,공작물충돌,공작물충돌,과속,교차로,교차로내,승용차,없음,1044779.0,1862407.0,128.0016875,36.75869976
2019,2019-10-21,17,주,월,1,0,0,0,0,서울,강남구,차량단독,공작물충돌,공작물충돌,안전운전 의무 불이행,단일로,기타단일로,이륜차,없음,962470.0,1944382.0,127.0754175,37.49793613
2019,2019-10-21,20,야,월,2,0,0,0,0,전북,부안군,차대차,측면충돌,측면충돌,기타,교차로,교차로내,이륜차,승용차,936214.0,1747862.0,126.7947165,35.72500134
2019,2019-10-21,20,야,월,4,2,2,0,0,경기,연천군,차대차,측면충돌,측면충돌,과속,교차로,교차로내,승용차,승용차,962229.0,2006425.0,127.0694601,38.05711913
2019,2019-10-21,21,야,월,1,0,0,0,0,경북,구미시,차대사람,횡단중,횡단중,안전운전 의무 불이행,교차로,교차로내,승용차,보행자,1072426.0,1806256.0,128.3061463,36.25082974
2019,2019-10-22,6,주,화,1,0,0,0,0,부산,남구,차대차,측면충돌,측면충돌,안전운전 의무 불이행,단일로,기타단일로,승용차,화물차,1144090.0,1681239.0,129.0812067,35.11602701
2019,2019-10-22,6,주,화,1,0,0,0,0,경기,안산시,차대사람,횡단중,횡단중,신호위반,교차로,교차로내,승용차,보행자,939328.0,1924031.0,126.8152938,37.3132782
2019,2019-10-22,6,주,화,1,0,0,0,0,강원,춘천시,차대사람,횡단중,횡단중,보행자 보호의무 위반,교차로,교차로횡단보도내,승용차,보행자,1019833.0,1984577.0,127.7254695,37.86077652
2019,2019-10-22,6,주,화,1,0,0,0,0,충북,음성군,차대사람,횡단중,횡단중,안전운전 의무 불이행,단일로,지하차도(도로)내,승합차,보행자,1006325.0,1887083.0,127.5710699,36.98218105
2019,2019-10-22,8,주,화,1,0,0,0,0,충남,보령시,차대사람,횡단중,횡단중,보행자 보호의무 위반,교차로,교차로횡단보도내,화물차,보행자,918733.0,1817285.0,126.5943096,36.34954557
2019,2019-10-22,13,주,화,1,0,0,0,0,충남,예산군,차대차,측면충돌,측면충돌,기타,교차로,교차로내,화물차,이륜차,932137.0,1854738.0,126.7403861,36.68819952
2019,2019-10-22,15,주,화,1,1,0,1,0,울산,울주군,차량단독,공작물충돌,공작물충돌,안전운전 의무 불이행,교차로,교차로내,승용차,없음,1163115.0,1707773.0,129.2951591,35.35226657
2019,2019-10-22,18,야,화,1,1,1,0,0,강원,화천군,차대차,추돌,추돌,안전운전 의무 불이행,단일로,기타단일로,승용차,농기계,1027299.0,2002894.0,127.8110401,38.02567187
2019,2019-10-22,19,야,화,1,0,0,0,0,경기,양평군,차대차,정면충돌,정면충돌,교차로 통행방법 위반,교차로,교차로내,승용차,이륜차,1000183.0,1943357.0,127.5020701,37.48946009
2019,2019-10-22,19,야,화,1,0,0,0,0,제주,서귀포시,차대사람,횡단중,횡단중,안전운전 의무 불이행,단일로,기타단일로,승용차,보행자,934941.7,1488930.8,126.8004752,33.39003167
2019,2019-10-22,19,야,화,1,0,0,0,0,울산,울주군,차대사람,기타,기타,안전운전 의무 불이행,단일로,기타단일로,화물차,보행자,1143362.0,1743312.0,129.0841282,35.67562085
2019,2019-10-23,2,야,수,1,0,0,0,0,서울,강서구,차대사람,횡단중,횡단중,과속,단일로,기타단일로,승용차,보행자,942318.0,1950122.0,126.8469953,37.54863168
2019,2019-10-23,5,야,수,1,0,0,0,0,경기,성남시,차대사람,횡단중,횡단중,과속,단일로,기타단일로,승용차,보행자,965352.0,1933851.0,127.1085163,37.40312732
2019,2019-10-23,8,주,수,1,0,0,0,0,서울,노원구,차대차,추돌,추돌,안전운전 의무 불이행,단일로,터널안,화물차,화물차,962883.0,1964606.0,127.0790644,37.68023755
2019,2019-10-23,10,주,수,1,0,0,0,0,울산,북구,차대차,측면충돌,측면충돌,신호위반,교차로,교차로내,이륜차,화물차,1167847.0,1739869.0,129.3538487,35.64073065
2019,2019-10-23,12,주,수,1,0,0,0,0,경북,경주시,차대차,측면충돌,측면충돌,안전운전 의무 불이행,교차로,교차로내,원동기장치자전거,화물차,1164186.0,1743737.0,129.3142202,35.67620425
2019,2019-10-23,14,주,수,1,0,0,0,0,전남,해남군,차대차,추돌,추돌,안전운전 의무 불이행,단일로,기타단일로,이륜차,화물차,899349.7,1620515.3,126.4026861,34.57382329
2019,2019-10-23,18,야,수,1,2,0,1,1,경기,용인시,차대차,측면충돌,측면충돌,안전운전 의무 불이행,교차로,교차로내,승용차,승용차,964749.0,1921925.0,127.1022707,37.29560743
2019,2019-10-23,20,야,수,1,0,0,0,0,서울,성동구,차대사람,횡단중,횡단중,안전운전 의무 불이행,단일로,기타단일로,승용차,보행자,958875.0,1949679.0,127.0344514,37.5455266
2019,2019-10-23,23,야,수,1,1,1,0,0,서울,강북구,차대차,측면충돌,측면충돌,신호위반,교차로,교차로내,이륜차,화물차,958871.0,1959659.0,127.0338454,37.63547845
2019,2019-10-23,23,야,수,1,0,0,0,0,서울,송파구,차대사람,기타,기타,안전운전 의무 불이행,단일로,기타단일로,승용차,보행자,966274.0,1946295.0,127.118364,37.51532571
2019,2019-10-24,0,야,목,1,0,0,0,0,서울,영등포구,차대사람,기타,기타,과속,단일로,기타단일로,승용차,보행자,949231.0,1947566.0,126.9254288,37.52600092
2019,2019-10-24,8,주,목,1,5,0,5,0,경기,용인시,차대차,추돌,추돌,안전운전 의무 불이행,단일로,기타단일로,화물차,화물차,967053.0,1925379.0,127.1281124,37.32682547
2019,2019-10-24,10,주,목,1,0,0,0,0,전남,무안군,차대차,측면충돌,측면충돌,안전운전 의무 불이행,단일로,기타단일로,화물차,이륜차,890260.2,1680284.5,126.2957846,35.11175294
2019,2019-10-24,13,주,목,1,1,1,0,0,전남,강진군,차대차,정면충돌,정면충돌,신호위반,교차로,교차로내,이륜차,승용차,937420.0,1634713.0,126.8166544,34.70487429
2019,2019-10-24,16,주,목,1,0,0,0,0,충남,아산시,차대차,기타,기타,안전운전 의무 불이행,기타,기타,승용차,승용차,959944.0,1870739.0,127.0507874,36.83401959
2019,2019-10-24,18,야,목,1,1,0,1,0,충남,아산시,차대차,추돌,추돌,안전운전 의무 불이행,단일로,기타단일로,화물차,농기계,954429.0,1862249.0,126.989449,36.75723774
2019,2019-10-24,18,야,목,1,0,0,0,0,충남,당진시,차대사람,기타,기타,안전운전 의무 불이행,단일로,기타단일로,승용차,보행자,930121.0,1867827.0,126.7166238,36.8060373
2019,2019-10-24,18,야,목,1,0,0,0,0,전북,군산시,차대차,추돌,추돌,안전운전 의무 불이행,단일로,기타단일로,승용차,자전거,930078.0,1773327.0,126.7246449,35.95416074
2019,2019-10-24,19,야,목,1,0,0,0,0,충남,천안시,차대사람,횡단중,횡단중,안전운전 의무 불이행,교차로,교차로부근,승합차,보행자,966751.0,1867290.0,127.1272744,36.80319245
2019,2019-10-24,19,야,목,1,0,0,0,0,경남,진주시,차량단독,공작물충돌,공작물충돌,안전운전 의무 불이행,단일로,기타단일로,이륜차,없음,1054772.0,1682082.0,128.1011968,35.13245202
2019,2019-10-24,19,야,목,1,0,0,0,0,경남,창녕군,차대차,추돌,추돌,안전운전 의무 불이행,단일로,기타단일로,화물차,자전거,1089009.0,1728532.0,128.4820091,35.54878069
2019,2019-10-25,0,야,금,1,0,0,0,0,경기,수원시,차대사람,기타,기타,안전운전 의무 불이행,단일로,기타단일로,승용차,보행자,951979.0,1919796.0,126.9583322,37.27584565
2019,2019-10-25,0,야,금,1,3,0,3,0,경북,영천시,차대차,추돌,추돌,안전운전 의무 불이행,단일로,기타단일로,화물차,화물차,1125331.0,1782644.0,128.891125,36.03259659