발생년,발생년월일,발생시간,주야,요일,사망자수,부상자수,중상자수,경상자수,부상신고자수,발생지시도,발생지시군구,사고유형_대분류,사고유형_중분류,사고유형,가해자법규위반,도로형태_대분류,도로형태,가해자_당사자종별,피해자_당사자종별,발생위치X_UTMK,발생위치Y_UTMK,경도,위도
2019,2019-10-25,0,야,금,1,1,0,1,0,광주,서구,차대사람,횡단중,횡단중,과속,교차로,교차로내,승용차,보행자,942619.0,1681352.0,126.870218,35.12572439
2019,2019-10-25,1,야,금,1,0,0,0,0,충북,청주시,차대차,기타,기타,안전운전 의무 불이행,단일로,기타단일로,화물차,화물차,993593.3,1841550.2,127.4283949,36.57171316
2019,2019-10-25,7,주,금,1,16,5,8,3,서울,송파구,차대차,측면충돌,측면충돌,신호위반,교차로,교차로내,승합차,승용차,968157.0,1945366.0,127.1397115,37.50701911
2019,2019-10-25,7,주,금,1,1,1,0,0,부산,사하구,차대사람,횡단중,횡단중,신호위반,교차로,교차로횡단보도내,승용차,보행자,1136322.0,1678382.0,128.9955187,35.09135532
2019,2019-10-25,11,주,금,1,0,0,0,0,전북,김제시,차대사람,횡단중,횡단중,안전운전 의무 불이행,교차로,교차로부근,승용차,보행자,944979.0,1758022.0,126.8909279,35.81713063
2019,2019-10-25,11,주,금,1,0,0,0,0,경남,진주시,차대차,측면충돌,측면충돌,신호위반,교차로,교차로부근,건설기계,자전거,1053472.0,1688015.0,128.0873127,35.18601822
2019,2019-10-25,11,주,금,1,0,0,0,0,경남,고성군,차량단독,도로이탈,도로이탈 추락,안전운전 의무 불이행,단일로,기타단일로,이륜차,없음,1064808.0,1675116.0,128.2108031,35.06904592
2019,2019-10-25,11,주,금,1,0,0,0,0,인천,남동구,차대사람,길가장자리구역통행중,길가장자리구역통행중,안전운전 의무 불이행,교차로,교차로부근,화물차,보행자,933353.0,1939270.0,126.7464957,37.45021899
2019,2019-10-25,12,주,금,1,0,0,0,0,충남,논산시,차대차,정면충돌,정면충돌,중앙선 침범,교차로,교차로횡단보도내,화물차,화물차,963845.0,1790980.0,127.0982628,36.11514923
2019,2019-10-25,13,주,금,1,0,0,0,0,전남,여수시,차대사람,횡단중,횡단중,안전운전 의무 불이행,교차로,교차로내,승용차,보행자,1012640.4,1642047.7,127.6381417,34.77285508
2019,2019-10-25,14,주,금,1,0,0,0,0,경기,화성시,차대차,기타,기타,안전운전 의무 불이행,단일로,기타단일로,건설기계,승용차,947569.0,1920506.0,126.9085405,37.28200719
2019,2019-10-25,14,주,금,1,0,0,0,0,경기,부천시,차대차,측면충돌,측면충돌,신호위반,교차로,교차로내,자전거,화물차,936214.0,1947970.0,126.7780852,37.52883359
2019,2019-10-25,14,주,금,1,0,0,0,0,전남,화순군,차대사람,횡단중,횡단중,안전운전 의무 불이행,교차로,교차로내,화물차,보행자,953715.0,1673980.0,126.9924089,35.05982305
2019,2019-10-25,15,주,금,1,8,1,7,0,경기,화성시,차대차,측면충돌,측면충돌,안전운전 의무 불이행,교차로,교차로내,승용차,승합차,948619.1,1904418.2,126.9214939,37.13705601
2019,2019-10-25,17,주,금,1,0,0,0,0,전남,해남군,차량단독,기타,기타,안전운전 의무 불이행,단일로,기타단일로,사륜오토바이(ATV),없음,909792.4,1613788.1,126.5172326,34.51413591
2019,2019-10-25,18,야,금,1,0,0,0,0,전북,정읍시,차대사람,횡단중,횡단중,과속,단일로,기타단일로,승합차,보행자,941590.8,1732391.9,126.8552863,35.5858584
2019,2019-10-25,18,야,금,1,0,0,0,0,전남,진도군,차대사람,횡단중,횡단중,안전운전 의무 불이행,단일로,기타단일로,승용차,보행자,886962.0,1610049.0,126.2690478,34.47816985
2019,2019-10-25,19,야,금,1,0,0,0,0,부산,사하구,차대사람,기타,기타,안전운전 의무 불이행,단일로,지하차도(도로)내,승합차,보행자,1134147.0,1676233.0,128.971317,35.07227543
2019,2019-10-25,19,야,금,1,0,0,0,0,경남,진주시,차대차,추돌,추돌,안전거리 미확보,단일로,기타단일로,화물차,농기계,1063085.0,1686082.0,128.1927433,35.16803128
2019,2019-10-25,20,야,금,1,2,1,1,0,충북,제천시,차대차,측면충돌,측면충돌,신호위반,교차로,교차로내,승용차,특수차,1061648.0,1907658.0,128.1943649,37.16563756
2019,2019-10-25,23,야,금,1,0,0,0,0,경북,구미시,차대차,측면충돌,측면충돌,신호위반,교차로,교차로내,이륜차,승합차,1077720.0,1788100.0,128.3632691,36.08674796
2019,2019-10-26,2,야,토,1,0,0,0,0,대전,서구,차대사람,기타,기타,안전운전 의무 불이행,단일로,기타단일로,승용차,보행자,988287.0,1817255.0,127.3694562,36.35263614
2019,2019-10-26,5,야,토,1,0,0,0,0,부산,부산진구,차대사람,횡단중,횡단중,과속,단일로,기타단일로,승용차,보행자,1139241.0,1686662.0,129.0289262,35.16559237
2019,2019-10-26,7,주,토,1,0,0,0,0,서울,서대문구,차대사람,차도통행중,차도통행중,안전운전 의무 불이행,단일로,기타단일로,승합차,보행자,951056.0,1954390.0,126.9456266,37.58760538
2019,2019-10-26,7,주,토,1,0,0,0,0,전남,여수시,차대차,측면충돌,측면충돌,기타,단일로,기타단일로,이륜차,승용차,1021963.0,1648953.0,127.7402045,34.83496646
2019,2019-10-26,11,주,토,1,1,1,0,0,전북,진안군,차량단독,공작물충돌,공작물충돌,중앙선 침범,단일로,기타단일로,승용차,없음,984794.0,1746349.0,127.3318901,35.71330906
2019,2019-10-26,12,주,토,1,0,0,0,0,전북,부안군,차량단독,공작물충돌,공작물충돌,안전운전 의무 불이행,교차로,교차로내,승용차,없음,937391.0,1747043.0,126.8077936,35.71769305
2019,2019-10-26,12,주,토,2,1,0,1,0,경북,의성군,차대차,정면충돌,정면충돌,중앙선 침범,단일로,기타단일로,화물차,건설기계,1107448.0,1810392.0,128.6964674,36.2848482
2019,2019-10-26,15,주,토,1,0,0,0,0,인천,계양구,차대사람,횡단중,횡단중,보행자 보호의무 위반,교차로,교차로횡단보도내,화물차,보행자,933062.0,1949662.0,126.7422601,37.54385984
2019,2019-10-26,19,야,토,1,0,0,0,0,전남,광양시,차량단독,전도,전도,안전운전 의무 불이행,단일로,기타단일로,이륜차,없음,1018874.0,1661696.0,127.7067086,34.94993902
2019,2019-10-26,23,야,토,1,3,1,2,0,경기,시흥시,차대차,정면충돌,정면충돌,안전운전 의무 불이행,단일로,기타단일로,승용차,화물차,932092.0,1925454.0,126.7335089,37.32560324
2019,2019-10-27,2,야,일,1,0,0,0,0,충남,천안시,차대사람,기타,기타,안전운전 의무 불이행,단일로,기타단일로,승용차,보행자,979254.0,1863616.0,127.2675334,36.77042918
2019,2019-10-27,3,야,일,1,0,0,0,0,경기,성남시,차대사람,횡단중,횡단중,안전운전 의무 불이행,교차로,교차로내,승용차,보행자,967137.0,1935002.0,127.1286332,37.41356705
2019,2019-10-27,7,주,일,1,1,0,1,0,전남,고흥군,차대차,추돌,추돌,안전운전 의무 불이행,단일로,기타단일로,화물차,농기계,992191.0,1616692.0,127.4148927,34.5442474
2019,2019-10-27,7,주,일,1,0,0,0,0,경남,거제시,차대차,추돌,추돌,안전운전 의무 불이행,단일로,기타단일로,이륜차,승용차,1099065.0,1656120.0,128.5842184,34.89499734
2019,2019-10-27,9,주,일,1,0,0,0,0,전남,화순군,차대사람,기타,기타,안전운전 의무 불이행,단일로,기타단일로,승용차,보행자,946172.0,1666055.0,126.9102046,34.98798957
2019,2019-10-27,9,주,일,1,0,0,0,0,경북,군위군,차대차,측면충돌,측면충돌,안전운전 의무 불이행,단일로,기타단일로,이륜차,화물차,1098441.0,1795733.0,128.5943468,36.15367395
2019,2019-10-27,10,주,일,1,1,1,0,0,경기,하남시,차대차,추돌,추돌,안전운전 의무 불이행,단일로,기타단일로,승용차,승용차,972914.0,1948146.0,127.1934314,37.53222857
2019,2019-10-27,10,주,일,1,0,0,0,0,전북,전주시,차대차,추돌,추돌,안전운전 의무 불이행,단일로,기타단일로,승합차,자전거,965122.5,1761978.1,127.113734,35.85372178
2019,2019-10-27,16,주,일,1,1,1,0,0,부산,기장군,차량단독,도로이탈,도로이탈 추락,안전운전 의무 불이행,단일로,기타단일로,화물차,없음,1159509.0,1707640.0,129.2554642,35.35165073
2019,2019-10-27,21,야,일,1,2,2,0,0,경남,창원시(통합),차대차,추돌,추돌,안전운전 의무 불이행,단일로,기타단일로,승용차,승용차,1105553.0,1693415.0,128.6599609,35.23057646
2019,2019-10-28,2,야,월,2,3,1,0,2,울산,북구,차량단독,기타,기타,안전운전 의무 불이행,단일로,기타단일로,승용차,없음,1170170.0,1728507.0,129.3771013,35.53794213
2019,2019-10-28,3,야,월,2,4,3,1,0,강원,원주시,차량단독,공작물충돌,공작물충돌,과속,교차로,교차로부근,승용차,없음,1041490.0,1924389.0,127.9682583,37.31755961
2019,2019-10-28,5,야,월,1,0,0,0,0,서울,강서구,차대사람,차도통행중,차도통행중,안전운전 의무 불이행,교차로,교차로부근,승용차,보행자,939579.0,1950568.0,126.815953,37.55247591
2019,2019-10-28,5,야,월,1,1,0,1,0,전북,익산시,차대차,정면충돌,정면충돌,중앙선 침범,단일로,기타단일로,승용차,화물차,949466.0,1772413.0,126.9396828,35.94711683
2019,2019-10-28,8,주,월,1,0,0,0,0,경북,경산시,차대차,측면충돌,측면충돌,과속,단일로,지하차도(도로)내,승용차,자전거,1120527.0,1773089.0,128.8363623,35.94707933
2019,2019-10-28,9,주,월,1,1,0,1,0,경북,경산시,차대차,추돌,추돌,과속,단일로,기타단일로,승용차,화물차,1121673.0,1765879.0,128.8479625,35.88194937
2019,2019-10-28,9,주,월,1,0,0,0,0,인천,미추홀구,차대차,기타,기타,안전운전 의무 불이행,기타,기타,건설기계,자전거,927002.0,1939507.0,126.6746749,37.45187544
2019,2019-10-28,13,주,월,1,0,0,0,0,경기,수원시,차대사람,횡단중,횡단중,보행자 보호의무 위반,교차로,교차로횡단보도내,건설기계,보행자,956655.0,1917293.0,127.0112206,37.25351395
2019,2019-10-28,15,주,월,1,2,0,2,0,서울,강서구,차대차,측면충돌,측면충돌,과속,교차로,교차로내,승용차,승용차,938629.0,1952810.0,126.8050107,37.57262005
2019,2019-10-28,15,주,월,1,0,0,0,0,충북,단양군,차량단독,공작물충돌,공작물충돌,안전운전 의무 불이행,단일로,기타단일로,농기계,없음,1071900.0,1876723.0,128.3068727,36.88607239
2019,2019-10-28,17,주,월,1,3,0,3,0,전남,곡성군,차대차,추돌,추돌,안전운전 의무 불이행,기타,기타,화물차,승용차,970933.0,1694785.0,127.1804966,35.24806638
2019,2019-10-28,18,야,월,1,0,0,0,0,경남,양산시,차대사람,기타,기타,안전운전 의무 불이행,단일로,기타단일로,화물차,보행자,1142708.0,1717554.0,129.0723621,35.44355393
2019,2019-10-28,23,야,월,1,1,0,0,1,경기,안양시,차대차,추돌,추돌,안전운전 의무 불이행,교차로,교차로부근,승용차,화물차,950972.0,1932178.0,126.9461552,37.38739832
2019,2019-10-28,23,야,월,1,0,0,0,0,세종,세종시,차대사람,횡단중,횡단중,신호위반,단일로,기타단일로,승용차,보행자,981439.0,1842264.0,127.2925344,36.57798909
2019,2019-10-29,0,야,화,1,0,0,0,0,경기,안산시,차대사람,횡단중,횡단중,신호위반,교차로,교차로내,승용차,보행자,941208.0,1923905.0,126.836519,37.31226337
2019,2019-10-29,8,주,화,1,1,1,0,0,강원,양양군,차대차,측면충돌,측면충돌,기타,단일로,기타단일로,승용차,승용차,1102221.0,2009929.0,128.6655905,38.08370773
2019,2019-10-29,8,주,화,1,14,3,11,0,전남,해남군,차대차,기타,기타,기타,단일로,기타단일로,승합차,농기계,919480.0,1619359.0,126.6222355,34.56517253
2019,2019-10-29,10,주,화,1,0,0,0,0,전북,고창군,차대사람,보도통행중,보도통행중,안전운전 의무 불이행,기타,기타,화물차,보행자,928290.1,1716582.4,126.709884,35.44244825
2019,2019-10-29,10,주,화,1,0,0,0,0,경북,포항시,차량단독,공작물충돌,공작물충돌,안전운전 의무 불이행,단일로,기타단일로,화물차,없음,1166405.0,1801162.0,129.3507556,36.19330948
2019,2019-10-29,11,주,화,1,0,0,0,0,경기,안양시,차대차,추돌,추돌,안전운전 의무 불이행,기타,기타,이륜차,화물차,948926.1,1934398.4,126.9228913,37.4073011
2019,2019-10-29,12,주,화,1,0,0,0,0,강원,강릉시,차대차,측면충돌,측면충돌,안전운전 의무 불이행,단일로,기타단일로,화물차,특수차,1117414.8,1976004.3,128.8332667,37.77618164
2019,2019-10-29,17,주,화,1,0,0,0,0,경북,포항시,차대사람,횡단중,횡단중,안전운전 의무 불이행,교차로,교차로내,화물차,보행자,1148140.0,1790819.0,129.1457437,36.10306689
2019,2019-10-29,18,야,화,1,2,2,0,0,충남,태안군,차대차,추돌,추돌,안전운전 의무 불이행,단일로,기타단일로,승용차,화물차,887927.0,1861451.0,126.2446306,36.74451713
2019,2019-10-29,19,야,화,1,0,0,0,0,경북,경주시,차대차,추돌,추돌,안전운전 의무 불이행,단일로,지하차도(도로)내,승용차,농기계,1137642.0,1752562.0,129.022529,35.75980768
2019,2019-10-29,20,야,화,1,0,0,0,0,제주,제주시,차대사람,기타,기타,안전운전 의무 불이행,교차로,교차로부근,승용차,보행자,909002.3,1501201.1,126.5203549,33.49880501
2019,2019-10-29,21,야,화,1,0,0,0,0,전남,해남군,차량단독,기타,기타,안전운전 의무 불이행,단일로,기타단일로,농기계,없음,901102.0,1620595.0,126.4217778,34.57471213
2019,2019-10-29,22,야,화,1,0,0,0,0,충북,충주시,차대사람,기타,기타,안전운전 의무 불이행,단일로,기타단일로,승용차,보행자,1036000.0,1882831.0,127.9043016,36.94318456
2019,2019-10-29,23,야,화,1,0,0,0,0,경기,안산시,차대사람,차도통행중,차도통행중,신호위반,교차로,교차로부근,승용차,보행자,939907.0,1928229.0,126.8214874,37.35115361
2019,2019-10-29,23,야,화,1,0,0,0,0,충남,천안시,차대사람,기타,기타,안전운전 의무 불이행,단일로,기타단일로,승용차,보행자,971419.0,1863833.0,127.1797322,36.77218142
2019,2019-10-30,2,야,수,1,0,0,0,0,경남,함안군,차대차,추돌,추돌,안전운전 의무 불이행,단일로,기타단일로,승용차,특수차,1079876.0,1699818.0,128.3784439,35.29068095
2019,2019-10-30,9,주,수,1,0,0,0,0,서울,중랑구,차대사람,횡단중,횡단중,안전운전 의무 불이행,교차로,교차로내,승합차,보행자,962858.0,1957313.0,127.0791519,37.61450329
2019,2019-10-30,9,주,수,1,0,0,0,0,경북,경주시,차대사람,길가장자리구역통행중,길가장자리구역통행중,안전운전 의무 불이행,교차로,교차로부근,승용차,보행자,1144558.0,1762470.0,129.1007955,35.84811313
2019,2019-10-30,10,주,수,1,0,0,0,0,경기,포천시,차대사람,길가장자리구역통행중,길가장자리구역통행중,안전운전 의무 불이행,교차로,교차로내,승용차,보행자,970526.0,1978806.0,127.1651643,37.80850162
2019,2019-10-30,15,주,수,1,1,0,1,0,경기,파주시,차대차,측면충돌,측면충돌,중앙선 침범,단일로,기타단일로,화물차,화물차,944041.0,1972600.0,126.8647766,37.75132953
2019,2019-10-30,18,야,수,1,0,0,0,0,서울,관악구,차대사람,횡단중,횡단중,안전운전 의무 불이행,교차로,교차로내,화물차,보행자,948187.0,1943020.3,126.9139344,37.48497161
2019,2019-10-30,22,야,수,1,0,0,0,0,충남,아산시,차대차,기타,기타,신호위반,교차로,교차로내,이륜차,승합차,955879.0,1863978.0,127.0055934,36.77289232
2019,2019-10-31,6,주,목,1,0,0,0,0,경남,양산시,차대차,기타,기타,안전운전 의무 불이행,단일로,기타단일로,승용차,화물차,1139589.0,1706908.0,129.0361865,35.3480378
2019,2019-10-31,9,주,목,1,1,0,1,0,경기,평택시,차대차,측면충돌,측면충돌,신호위반,교차로,교차로내,개인형이동수단(PM),승용차,961390.0,1885776.0,127.0662367,36.96962809
2019,2019-10-31,9,주,목,1,8,2,5,1,경기,의정부시,차대차,추돌,추돌,안전운전 의무 불이행,단일로,기타단일로,건설기계,화물차,961037.0,1967614.0,127.057969,37.70727238
2019,2019-10-31,12,주,목,1,0,0,0,0,경남,창원시(통합),차대사람,횡단중,횡단중,안전운전 의무 불이행,교차로,교차로횡단보도내,승용차,보행자,1098930.0,1694898.0,128.5873688,35.24462193
2019,2019-10-31,14,주,목,1,0,0,0,0,전북,남원시,차량단독,전복,전복,안전운전 의무 불이행,단일로,기타단일로,승용차,없음,994686.6,1717188.7,127.4414493,35.45048631
2019,2019-10-31,17,주,목,1,0,0,0,0,충남,논산시,차량단독,도로이탈,도로이탈 추락,안전운전 의무 불이행,단일로,기타단일로,농기계,없음,968677.0,1805442.0,127.1513755,36.24569947
2019,2019-10-31,18,야,목,1,0,0,0,0,경남,양산시,차대사람,횡단중,횡단중,안전운전 의무 불이행,단일로,기타단일로,승용차,보행자,1141284.0,1712330.0,129.0557718,35.39667081
2019,2019-10-31,19,야,목,1,0,0,0,0,전북,김제시,차대사람,횡단중,횡단중,신호위반,교차로,교차로내,승용차,보행자,958565.3,1754963.1,127.0414792,35.79021969
2019,2019-10-31,20,야,목,1,0,0,0,0,인천,서구,차대사람,기타,기타,안전운전 의무 불이행,단일로,기타단일로,승합차,보행자,927749.0,1944500.0,126.6826299,37.49693496
2019,2019-10-31,20,야,목,1,0,0,0,0,대전,유성구,차대차,측면충돌,측면충돌,신호위반,교차로,교차로내,화물차,이륜차,983336.0,1814969.0,127.3143255,36.33195396
2019,2019-10-31,21,야,목,1,0,0,0,0,경기,과천시,차대사람,횡단중,횡단중,안전운전 의무 불이행,단일로,기타단일로,승용차,보행자,954884.6,1935528.6,126.9901477,37.41779755
2019,2019-10-31,21,야,목,1,0,0,0,0,경기,안양시,차대사람,기타,기타,안전운전 의무 불이행,단일로,기타단일로,승용차,보행자,947174.0,1936579.0,126.9029385,37.42685721
2019,2019-10-31,21,야,목,1,0,0,0,0,경남,고성군,차대차,추돌,추돌,안전운전 의무 불이행,단일로,기타단일로,승용차,농기계,1078523.0,1673679.0,128.3610771,35.0551147
2019,2019-11-01,1,야,금,1,0,0,0,0,대구,북구,차대차,측면충돌,측면충돌,신호위반,교차로,교차로내,승용차,이륜차,1095711.0,1772494.0,128.5611871,35.94446376
2019,2019-11-01,5,야,금,1,0,0,0,0,전남,여수시,차대사람,기타,기타,안전운전 의무 불이행,기타,기타,승용차,보행자,1018646.0,1642432.0,127.7037827,34.77622843
2019,2019-11-01,6,주,금,1,0,0,0,0,경남,김해시,차대차,추돌,추돌,안전운전 의무 불이행,단일로,기타단일로,화물차,화물차,1134821.0,1700461.0,128.9826689,35.29058039
2019,2019-11-01,9,주,금,1,0,0,0,0,서울,성북구,차량단독,공작물충돌,공작물충돌,안전운전 의무 불이행,교차로,교차로부근,건설기계,없음,956335.0,1957582.0,127.0052275,37.6166411
2019,2019-11-01,10,주,금,1,0,0,0,0,경기,안성시,차대사람,기타,기타,안전운전 의무 불이행,단일로,기타단일로,화물차,보행자,975001.0,1890181.0,127.2190011,37.0097964
2019,2019-11-01,13,주,금,1,1,1,0,0,대구,달성군,차대차,추돌,추돌,안전운전 의무 불이행,단일로,기타단일로,화물차,승용차,1083363.0,1752833.0,128.4222416,35.7683524
2019,2019-11-01,19,야,금,1,0,0,0,0,경남,남해군,차량단독,공작물충돌,공작물충돌,안전운전 의무 불이행,단일로,기타단일로,승용차,없음,1042082.0,1643272.0,127.9599521,34.78310496
2019,2019-11-01,19,야,금,1,0,0,0,0,대전,서구,차대사람,기타,기타,보행자 보호의무 위반,교차로,교차로횡단보도내,승용차,보행자,989374.0,1814146.0,127.3816135,36.32461984
2019,2019-11-01,20,야,금,1,0,0,0,0,충북,충주시,차대사람,차도통행중,차도통행중,안전운전 의무 불이행,교차로,교차로내,승용차,보행자,1023998.0,1884754.0,127.7695747,36.96090162
2019,2019-11-01,22,야,금,1,1,1,0,0,서울,강남구,차대차,추돌,추돌,안전운전 의무 불이행,단일로,기타단일로,이륜차,승용차,962801.0,1944513.0,127.0791554,37.49913029
2019,2019-11-02,0,야,토,1,0,0,0,0,경남,창원시(통합),차대사람,기타,기타,안전운전 의무 불이행,교차로,교차로내,승용차,보행자,1102309.0,1696468.0,128.6246976,35.25843663
2019,2019-11-02,5,야,토,1,0,0,0,0,강원,원주시,차대사람,횡단중,횡단중,안전운전 의무 불이행,단일로,기타단일로,화물차,보행자,1039543.0,1931396.0,127.946659,37.38080298
2019,2019-11-02,8,주,토,1,0,0,0,0,인천,부평구,차대차,기타,기타,안전운전 의무 불이행,기타,기타,승용차,자전거,932322.0,1945167.0,126.7342981,37.50329315
2019,2019-11-02,10,주,토,1,0,0,0,0,경기,시흥시,차량단독,전도,전도,안전운전 의무 불이행,교차로,교차로부근,농기계,없음,944422.0,1931655.0,126.8722063,37.38231469
2019,2019-11-02,11,주,토,1,0,0,0,0,서울,서대문구,차대사람,횡단중,횡단중,안전운전 의무 불이행,단일로,기타단일로,승용차,보행자,951135.0,1954901.0,126.9464872,37.59221527
2019,2019-11-02,15,주,토,1,1,0,1,0,경기,가평군,차량단독,공작물충돌,공작물충돌,안전운전 의무 불이행,단일로,기타단일로,승용차,없음,997832.0,1978732.0,127.4753707,37.80830793
2019,2019-11-02,16,주,토,1,0,0,0,0,전북,군산시,차대사람,횡단중,횡단중,중앙선 침범,단일로,지하차도(도로)내,건설기계,보행자,926878.0,1769066.0,126.6895559,35.91551277
2019,2019-11-02,17,주,토,1,0,0,0,0,전남,화순군,차대사람,횡단중,횡단중,과속,교차로,교차로내,승용차,보행자,957542.0,1670439.0,127.0345581,35.02806193
2019,2019-11-02,17,주,토,1,0,0,0,0,경북,군위군,차대사람,길가장자리구역통행중,길가장자리구역통행중,안전운전 의무 불이행,단일로,기타단일로,승합차,보행자,1088870.0,1804890.0,128.4890008,36.23714294
2019,2019-11-02,17,주,토,1,1,0,1,0,울산,울주군,차대차,정면충돌,정면충돌,중앙선 침범,단일로,기타단일로,승용차,승용차,1163496.0,1717852.0,129.3013702,35.44304005
2019,2019-11-02,18,야,토,1,0,0,0,0,경남,창녕군,차대사람,차도통행중,차도통행중,안전운전 의무 불이행,단일로,기타단일로,승용차,보행자,1080151.0,1724845.0,128.3839278,35.51629654
2019,2019-11-02,18,야,토,1,5,4,0,1,경남,고성군,차대차,기타,기타,안전운전 의무 불이행,교차로,교차로부근,승용차,승용차,1070480.0,1665260.0,128.2721717,34.97979797
2019,2019-11-02,19,야,토,1,0,0,0,0,경기,하남시,차대사람,횡단중,횡단중,안전운전 의무 불이행,단일로,기타단일로,승합차,보행자,973560.0,1949055.0,127.2007103,37.54044058
2019,2019-11-02,19,야,토,1,0,0,0,0,충남,부여군,차대사람,횡단중,횡단중,안전운전 의무 불이행,단일로,교량위,승합차,보행자,930747.0,1799658.0,126.7297516,36.19158292
2019,2019-11-02,20,야,토,1,2,0,1,1,경북,칠곡군,차대사람,차도통행중,차도통행중,안전운전 의무 불이행,단일로,기타단일로,승용차,보행자,1082032.0,1769020.0,128.4091824,35.91439096
2019,2019-11-03,5,야,일,1,11,7,4,0,전북,고창군,차량단독,전복,전복,안전운전 의무 불이행,교차로,교차로부근,승합차,없음,916767.4,1701507.3,126.5844742,35.30563771
2019,2019-11-03,7,주,일,2,0,0,0,0,세종,세종시,차량단독,공작물충돌,공작물충돌,안전운전 의무 불이행,단일로,기타단일로,이륜차,없음,980802.0,1828046.0,127.2857679,36.44979973
2019,2019-11-03,15,주,일,1,0,0,0,0,전남,강진군,차대차,추돌,추돌,안전운전 의무 불이행,단일로,기타단일로,승용차,농기계,931358.0,1627370.0,126.7510611,34.63827214
2019,2019-11-03,15,주,일,1,6,6,0,0,전남,담양군,차대차,정면충돌,정면충돌,중앙선 침범,단일로,기타단일로,승용차,승용차,947696.0,1707151.0,126.924296,35.35862102
2019,2019-11-03,16,주,일,2,0,0,0,0,경남,함안군,차량단독,공작물충돌,공작물충돌,안전운전 의무 불이행,단일로,기타단일로,이륜차,없음,1077102.0,1701203.0,128.3480699,35.30338582
2019,2019-11-03,18,야,일,1,0,0,0,0,전북,전주시,차대사람,횡단중,횡단중,보행자 보호의무 위반,단일로,기타단일로,승용차,보행자,967015.0,1754653.0,127.1349954,35.787744
2019,2019-11-03,18,야,일,1,1,0,1,0,대전,서구,차대사람,횡단중,횡단중,안전운전 의무 불이행,교차로,교차로부근,승용차,보행자,988621.0,1814867.0,127.3732136,36.33111136
2019,2019-11-03,19,야,일,1,0,0,0,0,경남,통영시,차대사람,횡단중,횡단중,안전운전 의무 불이행,단일로,기타단일로,승용차,보행자,1084160.0,1652537.0,128.4207503,34.86403692
2019,2019-11-04,5,야,월,1,0,0,0,0,광주,광산구,차대사람,횡단중,횡단중,과속,단일로,기타단일로,승용차,보행자,935036.2,1688597.7,126.7864285,35.19059429
2019,2019-11-04,6,주,월,1,0,0,0,0,충남,서산시,차대사람,차도통행중,차도통행중,안전운전 의무 불이행,단일로,기타단일로,화물차,보행자,900472.0,1852661.0,126.3862699,36.66669074
2019,2019-11-04,7,주,월,1,0,0,0,0,충남,태안군,차대사람,길가장자리구역통행중,길가장자리구역통행중,안전운전 의무 불이행,단일로,기타단일로,화물차,보행자,894420.0,1843526.0,126.319816,36.58370376
2019,2019-11-04,12,주,월,1,0,0,0,0,경북,의성군,차대차,추돌,추돌,안전운전 의무 불이행,단일로,기타단일로,화물차,농기계,1105934.0,1807478.0,128.6792167,36.25874999
2019,2019-11-04,14,주,월,1,0,0,0,0,충남,서천군,차량단독,기타,기타,안전운전 의무 불이행,단일로,기타단일로,화물차,없음,929988.0,1781285.0,126.7229437,36.02589668
2019,2019-11-04,15,주,월,1,0,0,0,0,충남,아산시,차량단독,전도,전도,안전운전 의무 불이행,교차로,교차로부근,이륜차,없음,944870.0,1863161.0,126.8822948,36.76495106
2019,2019-11-04,15,주,월,1,1,1,0,0,충남,당진시,차대차,추돌,추돌,안전운전 의무 불이행,단일로,기타단일로,화물차,화물차,929775.0,1887085.0,126.7109605,36.97959824
2019,2019-11-04,15,주,월,1,1,0,1,0,대구,달성군,차대차,추돌,추돌,안전운전 의무 불이행,교차로,교차로부근,화물차,화물차,1089777.0,1757844.0,128.4937525,35.81296108
2019,2019-11-04,16,주,월,1,0,0,0,0,경기,시흥시,차대차,측면충돌,측면충돌,기타,교차로,교차로내,자전거,승용차,932630.0,1928187.0,126.7393325,37.35027527
2019,2019-11-04,16,주,월,1,0,0,0,0,대구,남구,차대사람,차도통행중,차도통행중,기타,교차로,교차로내,승용차,보행자,1096629.6,1761593.6,128.5700471,35.84611139
2019,2019-11-04,17,주,월,1,0,0,0,0,경기,용인시,차대사람,횡단중,횡단중,과속,단일로,기타단일로,화물차,보행자,966432.0,1921283.0,127.1212882,37.28988286
2019,2019-11-04,17,주,월,1,0,0,0,0,대구,중구,차대차,측면충돌,측면충돌,신호위반,교차로,교차로내,자전거,승용차,1097453.9,1764308.7,128.5795055,35.87050517